1.824788004159927368e-02,5.057802051305770874e-02,1.570712029933929443e-01,1.599938571453094482e-01,7.568726688623428345e-02,1.291102170944213867e-01,1.345766484737396240e-01,6.579682696610689163e-03,1.104778125882148743e-01,4.827951267361640930e-02
2.326741255819797516e-02,5.672278255224227905e-02,2.661412656307220459e-01,2.570120096206665039e-01,1.448292285203933716e-01,2.091938555240631104e-01,1.920267343521118164e-01,1.248074136674404144e-02,1.366061568260192871e-01,8.562623709440231323e-02
2.852063998579978943e-02,5.981949344277381897e-02,3.835540413856506348e-01,3.616023063659667969e-01,2.197899520397186279e-01,2.966288924217224121e-01,2.538763284683227539e-01,1.785261183977127075e-02,1.647351533174514771e-01,1.254300028085708618e-01
3.403215855360031128e-02,5.902937054634094238e-02,5.078746080398559570e-01,4.727531969547271729e-01,3.005956411361694336e-01,3.912518620491027832e-01,3.200577497482299805e-01,2.245798334479331970e-02,1.949991881847381592e-01,1.677219867706298828e-01
3.983017429709434509e-02,5.349913984537124634e-02,6.361645460128784180e-01,5.883361101150512695e-01,3.868650794029235840e-01,4.923720657825469971e-01,3.901463150978088379e-01,2.606578730046749115e-02,2.274451404809951782e-01,2.122621089220046997e-01
4.594648256897926331e-02,4.223807901144027710e-02,7.638069987297058105e-01,7.049574255943298340e-01,4.777161180973052979e-01,5.989034175872802734e-01,4.633911252021789551e-01,2.841606363654136658e-02,2.621198892593383789e-01,2.586218118667602539e-01
5.241800099611282349e-02,2.412736229598522186e-02,8.848174810409545898e-01,8.179844021797180176e-01,5.715632438659667969e-01,7.096732258796691895e-01,5.387379527091979980e-01,2.925726957619190216e-02,2.990736365318298340e-01,3.062739372253417969e-01
5.923429131507873535e-02,-1.873960718512535095e-03,9.929100275039672852e-01,9.221718311309814453e-01,6.661522984504699707e-01,8.204317092895507812e-01,6.147491931915283203e-01,2.841319516301155090e-02,3.381808400154113770e-01,3.577802777290344238e-01
6.648201495409011841e-02,-3.691399842500686646e-02,1.083071947097778320e+00,1.012844085693359375e+00,7.585021853446960449e-01,9.299720525741577148e-01,6.898635625839233398e-01,2.584093250334262848e-02,3.793617486953735352e-01,4.146439433097839355e-01
7.416082918643951416e-02,-8.214113861322402954e-02,1.153036832809448242e+00,1.086834311485290527e+00,8.454344272613525391e-01,1.035353660583496094e+00,7.622647881507873535e-01,2.154333516955375671e-02,4.224587976932525635e-01,4.774377644062042236e-01
8.232206106185913086e-02,-1.388460695743560791e-01,1.203547716140747070e+00,1.143401741981506348e+00,9.238255023956298828e-01,1.127246975898742676e+00,8.299411535263061523e-01,1.544977352023124695e-02,4.670937657356262207e-01,5.462719202041625977e-01
9.102056175470352173e-02,-2.084448933601379395e-01,1.237557768821716309e+00,1.184019446372985840e+00,9.914428591728210449e-01,1.205748915672302246e+00,8.912426829338073730e-01,7.554309442639350891e-03,5.128515362739562988e-01,6.178427934646606445e-01
1.003116667270660400e-01,-2.923428714275360107e-01,1.258958816528320312e+00,1.211402416229248047e+00,1.047045350074768066e+00,1.259031653404235840e+00,9.448317289352416992e-01,-2.220741473138332367e-03,5.591882467269897461e-01,6.933859586715698242e-01
1.102201193571090698e-01,-3.914708495140075684e-01,1.271491408348083496e+00,1.228800654411315918e+00,1.090767621994018555e+00,1.301881313323974609e+00,9.901961088180541992e-01,-1.371387392282485962e-02,6.054860353469848633e-01,7.672687768936157227e-01
1.208067387342453003e-01,-5.059046745300292969e-01,1.278066277503967285e+00,1.238969206809997559e+00,1.123655080795288086e+00,1.321210622787475586e+00,1.027238368988037109e+00,-2.676120400428771973e-02,6.510831713676452637e-01,8.415932059288024902e-01
1.321422308683395386e-01,-6.343480944633483887e-01,1.280626416206359863e+00,1.244211912155151367e+00,1.147451639175415039e+00,1.335453867912292480e+00,1.056590795516967773e+00,-4.112571477890014648e-02,6.951625943183898926e-01,9.091680049896240234e-01
1.443592607975006104e-01,-7.733727693557739258e-01,1.280725240707397461e+00,1.246180653572082520e+00,1.164063811302185059e+00,1.340171098709106445e+00,1.079201221466064453e+00,-5.679659545421600342e-02,7.370704412460327148e-01,9.731144905090332031e-01
1.574334800243377686e-01,-9.165736436843872070e-01,1.279115319252014160e+00,1.245875716209411621e+00,1.175291061401367188e+00,1.340919137001037598e+00,1.096174359321594238e+00,-7.373739033937454224e-02,7.761221528053283691e-01,1.026072382926940918e+00
1.714327037334442139e-01,-1.054793000221252441e+00,1.276624083518981934e+00,1.244240999221801758e+00,1.182367086410522461e+00,1.346668124198913574e+00,1.108360767364501953e+00,-9.212598204612731934e-02,8.116940259933471680e-01,1.073732018470764160e+00
1.863148361444473267e-01,-1.177935361862182617e+00,1.273611068725585938e+00,1.241636514663696289e+00,1.186207532882690430e+00,1.347813606262207031e+00,1.116702079772949219e+00,-1.123171597719192505e-01,8.434513807296752930e-01,1.109729886054992676e+00
2.022276371717453003e-01,-1.277828454971313477e+00,1.270060658454895020e+00,1.238335847854614258e+00,1.187614083290100098e+00,1.349869847297668457e+00,1.121816277503967285e+00,-1.345814317464828491e-01,8.711653947830200195e-01,1.140943884849548340e+00
2.191214412450790405e-01,-1.351329326629638672e+00,1.266340494155883789e+00,1.234620690345764160e+00,1.187214136123657227e+00,1.348056674003601074e+00,1.124308943748474121e+00,-1.591573655605316162e-01,8.948511481285095215e-01,1.160949468612670898e+00
2.371066212654113770e-01,-1.400623202323913574e+00,1.262331604957580566e+00,1.230629682540893555e+00,1.185475468635559082e+00,1.346042513847351074e+00,1.124920964241027832e+00,-1.862595528364181519e-01,9.145642518997192383e-01,1.178677320480346680e+00
2.560193240642547607e-01,-1.430835485458374023e+00,1.258217334747314453e+00,1.226464629173278809e+00,1.182836651802062988e+00,1.343834280967712402e+00,1.124038338661193848e+00,-2.160378694534301758e-01,9.304997324943542480e-01,1.188315868377685547e+00
2.759813070297241211e-01,-1.448139905929565430e+00,1.253885865211486816e+00,1.222130060195922852e+00,1.179492115974426270e+00,1.341876864433288574e+00,1.122119069099426270e+00,-2.486702203750610352e-01,9.431411027908325195e-01,1.197244048118591309e+00
2.968800365924835205e-01,-1.457246899604797363e+00,1.249508738517761230e+00,1.217600226402282715e+00,1.175807356834411621e+00,1.342165350914001465e+00,1.119354724884033203e+00,-2.842308282852172852e-01,9.527398347854614258e-01,1.198983192443847656e+00
3.187395632266998291e-01,-1.461506366729736328e+00,1.245009183883666992e+00,1.213119864463806152e+00,1.171661615371704102e+00,1.336505293846130371e+00,1.115978360176086426e+00,-3.228318989276885986e-01,9.596486091613769531e-01,1.202258825302124023e+00
3.415483534336090088e-01,-1.462817072868347168e+00,1.240566611289978027e+00,1.208465337753295898e+00,1.167356729507446289e+00,1.334563255310058594e+00,1.112216114997863770e+00,-3.643914461135864258e-01,9.642705917358398438e-01,1.201028704643249512e+00
3.652549088001251221e-01,-1.462261319160461426e+00,1.235993862152099609e+00,1.203721165657043457e+00,1.162772893905639648e+00,1.332489252090454102e+00,1.108030080795288086e+00,-4.089366495609283447e-01,9.670118093490600586e-01,1.201554775238037109e+00
3.897226154804229736e-01,-1.460759997367858887e+00,1.231405615806579590e+00,1.199022531509399414e+00,1.158095002174377441e+00,1.325190544128417969e+00,1.103652954101562500e+00,-4.561678171157836914e-01,9.681921005249023438e-01,1.197132349014282227e+00
5.668112039566040039e-01,-1.445792794227600098e+00,1.218928098678588867e+00,1.186697840690612793e+00,1.145860910415649414e+00,1.339130997657775879e+00,1.092799186706542969e+00,-6.236858963966369629e-01,9.694101214408874512e-01,1.188232421875000000e+00
5.966207981109619141e-01,-1.449208021163940430e+00,1.216754555702209473e+00,1.184170365333557129e+00,1.142970919609069824e+00,1.340648531913757324e+00,1.089645504951477051e+00,-6.773353219032287598e-01,9.678516387939453125e-01,1.187719106674194336e+00
6.256740093231201172e-01,-1.449985027313232422e+00,1.213771939277648926e+00,1.180963993072509766e+00,1.139486074447631836e+00,1.337012648582458496e+00,1.085933685302734375e+00,-7.300385236740112305e-01,9.655082821846008301e-01,1.185616016387939453e+00
6.536682844161987305e-01,-1.449097990989685059e+00,1.210251092910766602e+00,1.177078843116760254e+00,1.135596752166748047e+00,1.338298797607421875e+00,1.081861615180969238e+00,-7.806352972984313965e-01,9.624170064926147461e-01,1.183511137962341309e+00
6.803710460662841797e-01,-1.447288036346435547e+00,1.206280708312988281e+00,1.172924160957336426e+00,1.131287932395935059e+00,1.325691580772399902e+00,1.077458143234252930e+00,-8.281029462814331055e-01,9.586667418479919434e-01,1.179496645927429199e+00
7.053835391998291016e-01,-1.444829940795898438e+00,1.202091336250305176e+00,1.168603420257568359e+00,1.126730084419250488e+00,1.324729561805725098e+00,1.072810053825378418e+00,-8.713809251785278320e-01,9.544891119003295898e-01,1.177028417587280273e+00
7.286613583564758301e-01,-1.442140817642211914e+00,1.197681903839111328e+00,1.164106607437133789e+00,1.122024297714233398e+00,1.315910935401916504e+00,1.068095684051513672e+00,-9.100160002708435059e-01,9.499288797378540039e-01,1.171235322952270508e+00
7.498008608818054199e-01,-1.439066171646118164e+00,1.193094730377197266e+00,1.159434199333190918e+00,1.117236256599426270e+00,1.318953752517700195e+00,1.063151478767395020e+00,-9.434992671012878418e-01,9.448881149291992188e-01,1.168351054191589355e+00
7.688717246055603027e-01,-1.435925364494323730e+00,1.188518404960632324e+00,1.154584288597106934e+00,1.112255811691284180e+00,1.305969357490539551e+00,1.058039069175720215e+00,-9.718115329742431641e-01,9.396000504493713379e-01,1.162176489830017090e+00
7.858006358146667480e-01,-1.432585000991821289e+00,1.183811902999877930e+00,1.149701714515686035e+00,1.107250809669494629e+00,1.300775885581970215e+00,1.052785873413085938e+00,-9.950769543647766113e-01,9.340639114379882812e-01,1.159259796142578125e+00
8.004866242408752441e-01,-1.429323077201843262e+00,1.178974866867065430e+00,1.144784212112426758e+00,1.102155804634094238e+00,1.294360756874084473e+00,1.047508358955383301e+00,-1.013814687728881836e+00,9.283251762390136719e-01,1.152552962303161621e+00
8.130174279212951660e-01,-1.426010489463806152e+00,1.174147248268127441e+00,1.139826416969299316e+00,1.097009778022766113e+00,1.286210298538208008e+00,1.042137742042541504e+00,-1.028467416763305664e+00,9.223831892013549805e-01,1.149347543716430664e+00
8.234578967094421387e-01,-1.422477722167968750e+00,1.169237256050109863e+00,1.134834766387939453e+00,1.091741681098937988e+00,1.278109908103942871e+00,1.036608576774597168e+00,-1.039577245712280273e+00,9.162377715110778809e-01,1.142783999443054199e+00
8.319411277770996094e-01,-1.418982982635498047e+00,1.164336442947387695e+00,1.129715800285339355e+00,1.086521387100219727e+00,1.276783823966979980e+00,1.030992984771728516e+00,-1.047843098640441895e+00,9.098880290985107422e-01,1.139575242996215820e+00
8.386932611465454102e-01,-1.415491104125976562e+00,1.159444689750671387e+00,1.124650955200195312e+00,1.081252455711364746e+00,1.269245624542236328e+00,1.025369644165039062e+00,-1.053618669509887695e+00,9.034301638603210449e-01,1.132753849029541016e+00
8.438025116920471191e-01,-1.411978840827941895e+00,1.154470324516296387e+00,1.119507670402526855e+00,1.075850605964660645e+00,1.267785429954528809e+00,1.019659161567687988e+00,-1.057377934455871582e+00,8.968135714530944824e-01,1.129415750503540039e+00
8.474030494689941406e-01,-1.408547163009643555e+00,1.149461507797241211e+00,1.114284992218017578e+00,1.070451974868774414e+00,1.260571122169494629e+00,1.013855814933776855e+00,-1.059525966644287109e+00,8.901345133781433105e-01,1.122945666313171387e+00
8.496297597885131836e-01,-1.404918313026428223e+00,1.144510030746459961e+00,1.109071373939514160e+00,1.064965248107910156e+00,1.258724331855773926e+00,1.008044958114624023e+00,-1.060439586639404297e+00,8.832502365112304688e-01,1.119510889053344727e+00
8.506637215614318848e-01,-1.401341915130615234e+00,1.139475703239440918e+00,1.103870987892150879e+00,1.059433698654174805e+00,1.248366594314575195e+00,1.002043724060058594e+00,-1.060382843017578125e+00,8.762567639350891113e-01,1.112454771995544434e+00
8.505942225456237793e-01,-1.397722601890563965e+00,1.134454965591430664e+00,1.098638892173767090e+00,1.053869485855102539e+00,1.243921041488647461e+00,9.961386919021606445e-01,-1.059448361396789551e+00,8.691540360450744629e-01,1.108739733695983887e+00
8.496026992797851562e-01,-1.394092917442321777e+00,1.129399538040161133e+00,1.093331456184387207e+00,1.048221826553344727e+00,1.239564657211303711e+00,9.901453852653503418e-01,-1.057868719100952148e+00,8.618955612182617188e-01,1.102057099342346191e+00
8.477332592010498047e-01,-1.390512347221374512e+00,1.124309420585632324e+00,1.088080525398254395e+00,1.042567849159240723e+00,1.236798644065856934e+00,9.840370416641235352e-01,-1.055844068527221680e+00,8.545270562171936035e-01,1.098436474800109863e+00
8.450759053230285645e-01,-1.386742591857910156e+00,1.119140148162841797e+00,1.082706212997436523e+00,1.037015676498413086e+00,1.230732917785644531e+00,9.778307080268859863e-01,-1.053441882133483887e+00,8.470025658607482910e-01,1.091376185417175293e+00
8.417668938636779785e-01,-1.383120656013488770e+00,1.113984107971191406e+00,1.077303528785705566e+00,1.031285285949707031e+00,1.227661609649658203e+00,9.716219902038574219e-01,-1.050733685493469238e+00,8.393676280975341797e-01,1.087603926658630371e+00
8.378047943115234375e-01,-1.379297256469726562e+00,1.108749747276306152e+00,1.071868300437927246e+00,1.025562524795532227e+00,1.223290324211120605e+00,9.652644395828247070e-01,-1.047736644744873047e+00,8.315300345420837402e-01,1.080873847007751465e+00
8.334223628044128418e-01,-1.375433206558227539e+00,1.103435873985290527e+00,1.066449046134948730e+00,1.019653797149658203e+00,1.216585278511047363e+00,9.588913917541503906e-01,-1.044533610343933105e+00,8.235858678817749023e-01,1.077004313468933105e+00
8.284764289855957031e-01,-1.371706366539001465e+00,1.098183155059814453e+00,1.060952901840209961e+00,1.013758659362792969e+00,1.209150075912475586e+00,9.523755908012390137e-01,-1.041200518608093262e+00,8.154844045639038086e-01,1.069850921630859375e+00
8.230578303337097168e-01,-1.368061900138854980e+00,1.092943668365478516e+00,1.055384159088134766e+00,1.007871150970458984e+00,1.208804011344909668e+00,9.458070397377014160e-01,-1.037682652473449707e+00,8.072298169136047363e-01,1.065824866294860840e+00
8.173080682754516602e-01,-1.364223718643188477e+00,1.087581276893615723e+00,1.049830913543701172e+00,1.001982688903808594e+00,1.199498772621154785e+00,9.391723275184631348e-01,-1.034157276153564453e+00,7.988678812980651855e-01,1.058869004249572754e+00
8.111296892166137695e-01,-1.360329866409301758e+00,1.082280039787292480e+00,1.044205307960510254e+00,9.960200786590576172e-01,1.196140646934509277e+00,9.324485659599304199e-01,-1.030428051948547363e+00,7.902560830116271973e-01,1.054716706275939941e+00
8.084504604339599609e-01,-1.342453122138977051e+00,1.071182370185852051e+00,1.033693194389343262e+00,9.860364198684692383e-01,1.213251352310180664e+00,9.238919615745544434e-01,-1.017553091049194336e+00,7.854188680648803711e-01,1.041826486587524414e+00
8.013238310813903809e-01,-1.343440294265747070e+00,1.067035317420959473e+00,1.029090523719787598e+00,9.806069731712341309e-01,1.212788105010986328e+00,9.172765016555786133e-01,-1.015325188636779785e+00,7.761483788490295410e-01,1.037720322608947754e+00
7.939130067825317383e-01,-1.342872977256774902e+00,1.062589287757873535e+00,1.024137616157531738e+00,9.749521017074584961e-01,1.208437204360961914e+00,9.105898737907409668e-01,-1.012816071510314941e+00,7.668238282203674316e-01,1.033004045486450195e+00
7.861655950546264648e-01,-1.340955495834350586e+00,1.057797908782958984e+00,1.019024372100830078e+00,9.692172408103942871e-01,1.208061814308166504e+00,9.037484526634216309e-01,-1.009981393814086914e+00,7.572548985481262207e-01,1.028439640998840332e+00
7.781758904457092285e-01,-1.338272809982299805e+00,1.052843093872070312e+00,1.013558387756347656e+00,9.632492065429687500e-01,1.197819590568542480e+00,8.967894315719604492e-01,-1.006974220275878906e+00,7.474864125251770020e-01,1.022849678993225098e+00
7.700393199920654297e-01,-1.335157155990600586e+00,1.047724008560180664e+00,1.008119821548461914e+00,9.572589993476867676e-01,1.196866035461425781e+00,8.896973133087158203e-01,-1.003679037094116211e+00,7.375674247741699219e-01,1.018205404281616211e+00
7.616125345230102539e-01,-1.331628680229187012e+00,1.042439937591552734e+00,1.002516269683837891e+00,9.510319232940673828e-01,1.188560366630554199e+00,8.824827075004577637e-01,-1.000393152236938477e+00,7.274973988533020020e-01,1.011824607849121094e+00
7.528948783874511719e-01,-1.328009963035583496e+00,1.037037611007690430e+00,9.968465566635131836e-01,9.447329640388488770e-01,1.183135628700256348e+00,8.751336336135864258e-01,-9.968104362487792969e-01,7.170871496200561523e-01,1.007078528404235840e+00
7.439818978309631348e-01,-1.324187040328979492e+00,1.031561374664306641e+00,9.910610914230346680e-01,9.383479952812194824e-01,1.173440098762512207e+00,8.676748275756835938e-01,-9.931662082672119141e-01,7.064555883407592773e-01,1.000031948089599609e+00
7.347537875175476074e-01,-1.320137977600097656e+00,1.026014685630798340e+00,9.851562380790710449e-01,9.318785071372985840e-01,1.170704007148742676e+00,8.601053357124328613e-01,-9.894415140151977539e-01,6.955329775810241699e-01,9.951586127281188965e-01
7.252830862998962402e-01,-1.316034436225891113e+00,1.020393371582031250e+00,9.791830182075500488e-01,9.252752065658569336e-01,1.163918614387512207e+00,8.523799180984497070e-01,-9.855979681015014648e-01,6.842724680900573730e-01,9.880781769752502441e-01
7.155231833457946777e-01,-1.311889767646789551e+00,1.014701128005981445e+00,9.730438590049743652e-01,9.185860157012939453e-01,1.164905309677124023e+00,8.445428609848022461e-01,-9.817107319831848145e-01,6.727701425552368164e-01,9.831366539001464844e-01
7.054002285003662109e-01,-1.307612061500549316e+00,1.008937954902648926e+00,9.668371081352233887e-01,9.117627143859863281e-01,1.153819561004638672e+00,8.365037441253662109e-01,-9.777451753616333008e-01,6.609063148498535156e-01,9.757508635520935059e-01
6.949871778488159180e-01,-1.303232550621032715e+00,1.003007054328918457e+00,9.606079459190368652e-01,9.049108624458312988e-01,1.151725172996520996e+00,8.283630013465881348e-01,-9.736766219139099121e-01,6.487305760383605957e-01,9.705505967140197754e-01
6.843103766441345215e-01,-1.298975706100463867e+00,9.970964789390563965e-01,9.542601704597473145e-01,8.978729844093322754e-01,1.143479585647583008e+00,8.200061917304992676e-01,-9.696379899978637695e-01,6.360768079757690430e-01,9.630988240242004395e-01
6.732503175735473633e-01,-1.294523358345031738e+00,9.911145567893981934e-01,9.478459954261779785e-01,8.908499479293823242e-01,1.144114255905151367e+00,8.115468621253967285e-01,-9.654855728149414062e-01,6.229947209358215332e-01,9.577354788780212402e-01
6.618293523788452148e-01,-1.290013551712036133e+00,9.850609898567199707e-01,9.414109587669372559e-01,8.836907744407653809e-01,1.133934497833251953e+00,8.029215335845947266e-01,-9.613119363784790039e-01,6.094259023666381836e-01,9.500304460525512695e-01
6.500507593154907227e-01,-1.285464525222778320e+00,9.789857268333435059e-01,9.349096417427062988e-01,8.764072656631469727e-01,1.133956789970397949e+00,7.940511107444763184e-01,-9.571148157119750977e-01,5.953234434127807617e-01,9.446111321449279785e-01
6.377948522567749023e-01,-1.280723094940185547e+00,9.728386998176574707e-01,9.283471703529357910e-01,8.689911365509033203e-01,1.122992634773254395e+00,7.850201129913330078e-01,-9.528334140777587891e-01,5.806289911270141602e-01,9.368782639503479004e-01
6.251109838485717773e-01,-1.275899171829223633e+00,9.665732383728027344e-01,9.216716289520263672e-01,8.614968061447143555e-01,1.117363810539245605e+00,7.758832573890686035e-01,-9.484927058219909668e-01,5.653688907623291016e-01,9.313126206398010254e-01
6.119638085365295410e-01,-1.271275758743286133e+00,9.603778123855590820e-01,9.149777293205261230e-01,8.538717031478881836e-01,1.110398173332214355e+00,7.665141820907592773e-01,-9.441573023796081543e-01,5.493996739387512207e-01,9.234197139739990234e-01
5.982952713966369629e-01,-1.266398549079895020e+00,9.540181756019592285e-01,9.081220626831054688e-01,8.461091518402099609e-01,1.108320832252502441e+00,7.568770051002502441e-01,-9.397835731506347656e-01,5.327017307281494141e-01,9.175866842269897461e-01
5.840467214584350586e-01,-1.261445522308349609e+00,9.476361870765686035e-01,9.012551307678222656e-01,8.382670283317565918e-01,1.099930644035339355e+00,7.470585703849792480e-01,-9.354033470153808594e-01,5.152047276496887207e-01,9.095500111579895020e-01
5.692561864852905273e-01,-1.256367802619934082e+00,9.411858916282653809e-01,8.942748308181762695e-01,8.302934169769287109e-01,1.099292159080505371e+00,7.369322180747985840e-01,-9.309674501419067383e-01,4.967921674251556396e-01,9.036208987236022949e-01
5.537686944007873535e-01,-1.251288890838623047e+00,9.347129464149475098e-01,8.871862292289733887e-01,8.221831917762756348e-01,1.090503573417663574e+00,7.265582680702209473e-01,-9.265504479408264160e-01,4.773648381233215332e-01,8.954979777336120605e-01
5.375759005546569824e-01,-1.246032238006591797e+00,9.281251430511474609e-01,8.799880743026733398e-01,8.138992190361022949e-01,1.088236927986145020e+00,7.159296870231628418e-01,-9.220653772354125977e-01,4.568793475627899170e-01,8.893842697143554688e-01
5.206075906753540039e-01,-1.240696310997009277e+00,9.214684963226318359e-01,8.726867437362670898e-01,8.054843544960021973e-01,1.081864595413208008e+00,7.049908041954040527e-01,-9.174894690513610840e-01,4.351958930492401123e-01,8.811342120170593262e-01
5.027587413787841797e-01,-1.235162138938903809e+00,9.146965146064758301e-01,8.653221130371093750e-01,7.969366312026977539e-01,1.076764702796936035e+00,6.937331557273864746e-01,-9.129080772399902344e-01,4.120897054672241211e-01,8.748682141304016113e-01
4.839589893817901611e-01,-1.229559540748596191e+00,9.078088998794555664e-01,8.578570485115051270e-01,7.881724238395690918e-01,1.070635676383972168e+00,6.820999383926391602e-01,-9.083076715469360352e-01,3.875324130058288574e-01,8.667274117469787598e-01
4.640396535396575928e-01,-1.223864197731018066e+00,9.008054733276367188e-01,8.502880334854125977e-01,7.792299985885620117e-01,1.066012024879455566e+00,6.700543165206909180e-01,-9.036502242088317871e-01,3.612326085567474365e-01,8.604119420051574707e-01
4.695970416069030762e-01,-1.206043243408203125e+00,8.930506110191345215e-01,8.438756465911865234e-01,7.745757102966308594e-01,1.058611989021301270e+00,6.692173480987548828e-01,-8.924574851989746094e-01,3.670095205307006836e-01,8.529931902885437012e-01
4.482264816761016846e-01,-1.203819513320922852e+00,8.859437704086303711e-01,8.358499407768249512e-01,7.649102210998535156e-01,1.055348753929138184e+00,6.561037302017211914e-01,-8.884509801864624023e-01,3.386748433113098145e-01,8.463944792747497559e-01
4.256077706813812256e-01,-1.200462937355041504e+00,8.787743449211120605e-01,8.278117775917053223e-01,7.550610899925231934e-01,1.049416422843933105e+00,6.425778269767761230e-01,-8.843447566032409668e-01,3.083277940750122070e-01,8.397611975669860840e-01
4.015421569347381592e-01,-1.196048736572265625e+00,8.715415596961975098e-01,8.195773959159851074e-01,7.450320124626159668e-01,1.046431064605712891e+00,6.285765767097473145e-01,-8.801081776618957520e-01,2.755844891071319580e-01,8.334264159202575684e-01
3.758539557456970215e-01,-1.191021680831909180e+00,8.641979694366455078e-01,8.112889528274536133e-01,7.348399162292480469e-01,1.037439465522766113e+00,6.140314936637878418e-01,-8.757498264312744141e-01,2.401972115039825439e-01,8.266749978065490723e-01
3.483888804912567139e-01,-1.185348629951477051e+00,8.567429184913635254e-01,8.028122782707214355e-01,7.243566513061523438e-01,1.034741401672363281e+00,5.989497900009155273e-01,-8.712722659111022949e-01,2.017859667539596558e-01,8.201052546501159668e-01
3.189252018928527832e-01,-1.179158210754394531e+00,8.491755723953247070e-01,7.941924333572387695e-01,7.135906815528869629e-01,1.024100542068481445e+00,5.831963419914245605e-01,-8.666722774505615234e-01,1.600183695554733276e-01,8.128537535667419434e-01
2.872593998908996582e-01,-1.172295212745666504e+00,8.414490222930908203e-01,7.854867577552795410e-01,7.025887370109558105e-01,1.020984888076782227e+00,5.667825937271118164e-01,-8.620202541351318359e-01,1.144350767135620117e-01,8.058748245239257812e-01
2.530021369457244873e-01,-1.164971709251403809e+00,8.335624337196350098e-01,7.766204476356506348e-01,6.912819743156433105e-01,1.011094093322753906e+00,5.496453642845153809e-01,-8.572617769241333008e-01,6.452372670173645020e-02,7.981475591659545898e-01
2.158525735139846802e-01,-1.157222390174865723e+00,8.256115913391113281e-01,7.675763368606567383e-01,6.797577142715454102e-01,1.006767630577087402e+00,5.315999388694763184e-01,-8.524424433708190918e-01,9.835992008447647095e-03,7.908231019973754883e-01
1.755198985338211060e-01,-1.148970246315002441e+00,8.174536824226379395e-01,7.583312988281250000e-01,6.678172945976257324e-01,9.996831417083740234e-01,5.126881599426269531e-01,-8.474986553192138672e-01,-5.007836967706680298e-02,7.827616333961486816e-01
1.314633488655090332e-01,-1.140237569808959961e+00,8.091840147972106934e-01,7.489666938781738281e-01,6.554935574531555176e-01,9.942765235900878906e-01,4.927092790603637695e-01,-8.424590229988098145e-01,-1.157350689172744751e-01,7.750023603439331055e-01
8.336992561817169189e-02,-1.130918860435485840e+00,8.007055521011352539e-01,7.393645644187927246e-01,6.427624821662902832e-01,9.873849153518676758e-01,4.715162217617034912e-01,-8.372999429702758789e-01,-1.874656677246093750e-01,7.666260600090026855e-01
3.062080591917037964e-02,-1.120942950248718262e+00,7.921139597892761230e-01,7.295788526535034180e-01,6.296254992485046387e-01,9.798530936241149902e-01,4.490496814250946045e-01,-8.321146368980407715e-01,-2.654230594635009766e-01,7.584014534950256348e-01
-2.714543417096138000e-02,-1.110335826873779297e+00,7.833161950111389160e-01,7.196181416511535645e-01,6.160314679145812988e-01,9.731497168540954590e-01,4.251449704170227051e-01,-8.267779946327209473e-01,-3.495292961597442627e-01,7.499685883522033691e-01
-9.045806527137756348e-02,-1.098959565162658691e+00,7.743343710899353027e-01,7.093873023986816406e-01,6.019625067710876465e-01,9.652226567268371582e-01,3.995909988880157471e-01,-8.213606476783752441e-01,-4.390825927257537842e-01,7.412903904914855957e-01
-1.597859561443328857e-01,-1.086818814277648926e+00,7.651675939559936523e-01,6.989228725433349609e-01,5.873104333877563477e-01,9.575712084770202637e-01,3.721815049648284912e-01,-8.158004879951477051e-01,-5.328879952430725098e-01,7.328370809555053711e-01
-2.352690696716308594e-01,-1.073869943618774414e+00,7.558649778366088867e-01,6.881819963455200195e-01,5.721099376678466797e-01,9.514889121055603027e-01,3.427082896232604980e-01,-8.101583719253540039e-01,-6.288487911224365234e-01,7.236542105674743652e-01
-3.169666230678558350e-01,-1.060154795646667480e+00,7.463061809539794922e-01,6.772496700286865234e-01,5.562134981155395508e-01,9.426989555358886719e-01,3.109138011932373047e-01,-8.043391704559326172e-01,-7.243260145187377930e-01,7.149668335914611816e-01
-4.044533073902130127e-01,-1.045550346374511719e+00,7.365403175354003906e-01,6.660308837890625000e-01,5.395976901054382324e-01,9.370061755180358887e-01,2.764410078525543213e-01,-7.983607649803161621e-01,-8.159188032150268555e-01,7.051557302474975586e-01
-4.967480003833770752e-01,-1.030052304267883301e+00,7.264698743820190430e-01,6.544644832611083984e-01,5.222028493881225586e-01,9.274629354476928711e-01,2.389720082283020020e-01,-7.922719717025756836e-01,-9.001586437225341797e-01,6.958989500999450684e-01
-5.922231078147888184e-01,-1.013550043106079102e+00,7.162129878997802734e-01,6.426005363464355469e-01,5.038982629776000977e-01,9.200484156608581543e-01,1.980930715799331665e-01,-7.860069274902343750e-01,-9.741184711456298828e-01,6.851195096969604492e-01
-6.882839202880859375e-01,-9.960628747940063477e-01,7.056762576103210449e-01,6.304214000701904297e-01,4.846200644969940186e-01,9.115415811538696289e-01,1.532959789037704468e-01,-7.795386314392089844e-01,-1.035989403724670410e+00,6.749445199966430664e-01
-7.817847132682800293e-01,-9.775364995002746582e-01,6.948350667953491211e-01,6.177760958671569824e-01,4.641942977905273438e-01,9.040285348892211914e-01,1.041035056114196777e-01,-7.728448510169982910e-01,-1.085194230079650879e+00,6.628500223159790039e-01
-8.692291975021362305e-01,-9.579596519470214844e-01,6.836650967597961426e-01,6.047008037567138672e-01,4.425586163997650146e-01,8.945577144622802734e-01,4.990482330322265625e-02,-7.659720182418823242e-01,-1.122438549995422363e+00,6.513558030128479004e-01
-9.473901987075805664e-01,-9.372946619987487793e-01,6.721186637878417969e-01,5.912215113639831543e-01,4.195568859577178955e-01,8.859643340110778809e-01,-9.874328970909118652e-03,-7.589065432548522949e-01,-1.149444341659545898e+00,6.375019550323486328e-01
-1.014025449752807617e+00,-9.154493212699890137e-01,6.601479053497314453e-01,5.772149562835693359e-01,3.949794769287109375e-01,8.751264810562133789e-01,-7.589215785264968872e-02,-7.516110539436340332e-01,-1.168212294578552246e+00,6.243980526924133301e-01
-1.067961812019348145e+00,-8.922857046127319336e-01,6.478706598281860352e-01,5.625739693641662598e-01,3.685808181762695312e-01,8.655110001564025879e-01,-1.486890316009521484e-01,-7.441217303276062012e-01,-1.180466175079345703e+00,6.085182428359985352e-01
-1.109773516654968262e+00,-8.676514029502868652e-01,6.351931095123291016e-01,5.473225712776184082e-01,3.402068614959716797e-01,8.545426726341247559e-01,-2.286545038223266602e-01,-7.364580035209655762e-01,-1.188219070434570312e+00,5.931617021560668945e-01
-1.140442132949829102e+00,-8.414366841316223145e-01,6.219705343246459961e-01,5.314049720764160156e-01,3.095434904098510742e-01,8.438236713409423828e-01,-3.159073591232299805e-01,-7.286642789840698242e-01,-1.192468285560607910e+00,5.746768712997436523e-01
-1.156544685363769531e+00,-7.987425923347473145e-01,6.226057410240173340e-01,5.383394360542297363e-01,3.162128329277038574e-01,8.348231911659240723e-01,-3.870112895965576172e-01,-7.181880474090576172e-01,-1.184139251708984375e+00,5.627521276473999023e-01
-1.172673106193542480e+00,-7.700573801994323730e-01,6.081585288047790527e-01,5.212681293487548828e-01,2.830086648464202881e-01,8.230173587799072266e-01,-4.858375489711761475e-01,-7.102170586585998535e-01,-1.187516212463378906e+00,5.413720011711120605e-01
-1.183212280273437500e+00,-7.388799786567687988e-01,5.932831764221191406e-01,5.033566355705261230e-01,2.469550371170043945e-01,8.096599578857421875e-01,-5.892400145530700684e-01,-7.020995616912841797e-01,-1.188765764236450195e+00,5.188696980476379395e-01
-1.189621925354003906e+00,-7.048852443695068359e-01,5.777647495269775391e-01,4.844813346862792969e-01,2.076379060745239258e-01,7.964537143707275391e-01,-6.943863034248352051e-01,-6.938192844390869141e-01,-1.188524365425109863e+00,4.935935139656066895e-01
-1.192901134490966797e+00,-6.677013635635375977e-01,5.616384744644165039e-01,4.646268188953399658e-01,1.646726429462432861e-01,7.813214063644409180e-01,-7.976548075675964355e-01,-6.853837370872497559e-01,-1.187347531318664551e+00,4.680281579494476318e-01
-1.194245696067810059e+00,-6.267949342727661133e-01,5.447348356246948242e-01,4.436753690242767334e-01,1.175307482481002808e-01,7.665100693702697754e-01,-8.947062492370605469e-01,-6.767812967300415039e-01,-1.185511946678161621e+00,4.377340972423553467e-01
-1.194017171859741211e+00,-5.815722942352294922e-01,5.270764827728271484e-01,4.214552938938140869e-01,6.563234329223632812e-02,7.494816184043884277e-01,-9.814200997352600098e-01,-6.679834723472595215e-01,-1.183106899261474609e+00,4.082207083702087402e-01
-1.192864418029785156e+00,-5.311820507049560547e-01,5.084849596023559570e-01,3.977850377559661865e-01,8.534491062164306641e-03,7.327710390090942383e-01,-1.054706573486328125e+00,-6.590155959129333496e-01,-1.180416107177734375e+00,3.731366395950317383e-01
-1.190876960754394531e+00,-4.746083915233612061e-01,4.889928400516510010e-01,3.725578784942626953e-01,-5.448476225137710571e-02,7.134376764297485352e-01,-1.113285303115844727e+00,-6.498972177505493164e-01,-1.177535176277160645e+00,3.339759111404418945e-01
-1.188523650169372559e+00,-4.105338454246520996e-01,4.683812558650970459e-01,3.454478979110717773e-01,-1.238476186990737915e-01,6.942574977874755859e-01,-1.157461047172546387e+00,-6.405631899833679199e-01,-1.174470067024230957e+00,2.920529246330261230e-01
-1.185806870460510254e+00,-3.373439311981201172e-01,4.465646147727966309e-01,3.162650763988494873e-01,-2.000651359558105469e-01,6.721001267433166504e-01,-1.189125061035156250e+00,-6.310242414474487305e-01,-1.171319842338562012e+00,2.439268976449966431e-01
-1.182922601699829102e+00,-2.529549598693847656e-01,4.233998656272888184e-01,2.847929596900939941e-01,-2.833268642425537109e-01,6.496921777725219727e-01,-1.210807204246520996e+00,-6.212668418884277344e-01,-1.168000817298889160e+00,1.902637630701065063e-01
-1.179881691932678223e+00,-1.548375934362411499e-01,3.986781537532806396e-01,2.506235837936401367e-01,-3.735601603984832764e-01,6.241086125373840332e-01,-1.224803686141967773e+00,-6.112959384918212891e-01,-1.164708256721496582e+00,1.288837790489196777e-01
-1.176789522171020508e+00,-3.994126617908477783e-02,3.721936345100402832e-01,2.134391069412231445e-01,-4.698834419250488281e-01,5.975040197372436523e-01,-1.233328342437744141e+00,-6.011101007461547852e-01,-1.161455988883972168e+00,6.211344152688980103e-02
-1.173662662506103516e+00,9.514698386192321777e-02,3.437904715538024902e-01,1.728737205266952515e-01,-5.707681179046630859e-01,5.672327280044555664e-01,-1.238001942634582520e+00,-5.906899571418762207e-01,-1.158167839050292969e+00,-1.373468339443206787e-02
-1.170521020889282227e+00,2.538458704948425293e-01,3.131549656391143799e-01,1.283591091632843018e-01,-6.736994981765747070e-01,5.349753499031066895e-01,-1.240066528320312500e+00,-5.799970030784606934e-01,-1.154961228370666504e+00,-1.040092930197715759e-01
-1.167479872703552246e+00,4.384738802909851074e-01,2.799800634384155273e-01,7.953516393899917603e-02,-7.752773165702819824e-01,4.982394874095916748e-01,-1.240341424942016602e+00,-5.690178871154785156e-01,-1.151763319969177246e+00,-2.036029994487762451e-01
-1.164380550384521484e+00,6.481290459632873535e-01,2.439729124307632446e-01,2.569362148642539978e-02,-8.714436292648315430e-01,4.580182731151580811e-01,-1.239459872245788574e+00,-5.576982498168945312e-01,-1.148506999015808105e+00,-3.200290799140930176e-01
-1.161248683929443359e+00,8.754038810729980469e-01,2.047124952077865601e-01,-3.360006958246231079e-02,-9.583452939987182617e-01,4.120297431945800781e-01,-1.237794995307922363e+00,-5.460569262504577637e-01,-1.145498037338256836e+00,-4.438074827194213867e-01
-1.158193588256835938e+00,1.103184700012207031e+00,1.617261767387390137e-01,-9.896638989448547363e-02,-1.032661437988281250e+00,3.603923916816711426e-01,-1.235710859298706055e+00,-5.340496897697448730e-01,-1.142474174499511719e+00,-5.817525386810302734e-01
-1.155312180519104004e+00,1.305655837059020996e+00,1.146083995699882507e-01,-1.709340214729309082e-01,-1.092791676521301270e+00,3.008770346641540527e-01,-1.233288645744323730e+00,-5.216619372367858887e-01,-1.139532327651977539e+00,-7.282250523567199707e-01
-1.152391433715820312e+00,1.458496809005737305e+00,6.283397972583770752e-02,-2.497663348913192749e-01,-1.138936996459960938e+00,2.328998148441314697e-01,-1.230569481849670410e+00,-5.087529420852661133e-01,-1.136647343635559082e+00,-8.809220790863037109e-01
-1.149381995201110840e+00,1.554288387298583984e+00,5.960021167993545532e-03,-3.354005217552185059e-01,-1.172386288642883301e+00,1.539687812328338623e-01,-1.227586507797241211e+00,-4.952684640884399414e-01,-1.133581995964050293e+00,-1.019732594490051270e+00
-1.146323561668395996e+00,1.604325175285339355e+00,-5.653402209281921387e-02,-4.273017048835754395e-01,-1.195457935333251953e+00,6.254370510578155518e-02,-1.224375844001770020e+00,-4.811190664768218994e-01,-1.130467653274536133e+00,-1.144151449203491211e+00
-1.143262505531311035e+00,1.626955628395080566e+00,-1.250555217266082764e-01,-5.242370367050170898e-01,-1.210406422615051270e+00,-4.414864629507064819e-02,-1.220982670783996582e+00,-4.661777615547180176e-01,-1.127350568771362305e+00,-1.243813753128051758e+00
-1.139983415603637695e+00,1.636214137077331543e+00,-1.999011933803558350e-01,-6.242055892944335938e-01,-1.219452500343322754e+00,-1.682901084423065186e-01,-1.217376351356506348e+00,-4.503468275070190430e-01,-1.124019145965576172e+00,-1.321004629135131836e+00
-1.136568427085876465e+00,1.639227271080017090e+00,-2.812808156013488770e-01,-7.241410017013549805e-01,-1.224383592605590820e+00,-3.122291564941406250e-01,-1.213836550712585449e+00,-4.335929453372955322e-01,-1.120644450187683105e+00,-1.368221282958984375e+00
-1.133195519447326660e+00,1.639311194419860840e+00,-3.689275979995727539e-01,-8.205835223197937012e-01,-1.226383090019226074e+00,-4.767220020294189453e-01,-1.210092067718505859e+00,-4.158280193805694580e-01,-1.117220163345336914e+00,-1.401140689849853516e+00
-1.129580974578857422e+00,1.638334631919860840e+00,-4.619675278663635254e-01,-9.096463322639465332e-01,-1.226452350616455078e+00,-6.601750850677490234e-01,-1.206335902214050293e+00,-3.969141840934753418e-01,-1.113650679588317871e+00,-1.412920117378234863e+00
-1.126004457473754883e+00,1.636713385581970215e+00,-5.589960813522338867e-01,-9.880147576332092285e-01,-1.225251913070678711e+00,-8.559040427207946777e-01,-1.202507853507995605e+00,-3.768375515937805176e-01,-1.110026478767395020e+00,-1.421459436416625977e+00
-1.113970875740051270e+00,1.623608946800231934e+00,-6.691791415214538574e-01,-1.062553644180297852e+00,-1.212208271026611328e+00,-1.215255498886108398e+00,-1.188777804374694824e+00,-3.667437732219696045e-01,-1.098181366920471191e+00,-1.421558856964111328e+00
-1.112459301948547363e+00,1.627876520156860352e+00,-7.660999298095703125e-01,-1.112332105636596680e+00,-1.213076114654541016e+00,-1.358728885650634766e+00,-1.187921404838562012e+00,-3.445596992969512939e-01,-1.096627712249755859e+00,-1.429072737693786621e+00
-1.110351443290710449e+00,1.628539323806762695e+00,-8.575584888458251953e-01,-1.149427294731140137e+00,-1.212466359138488770e+00,-1.457688808441162109e+00,-1.186155915260314941e+00,-3.207394778728485107e-01,-1.094477891921997070e+00,-1.431348443031311035e+00
-1.107826709747314453e+00,1.627144575119018555e+00,-9.399794936180114746e-01,-1.175776958465576172e+00,-1.210929632186889648e+00,-1.517177104949951172e+00,-1.183943152427673340e+00,-2.951978445053100586e-01,-1.091819405555725098e+00,-1.433899998664855957e+00
-1.105069994926452637e+00,1.625009059906005859e+00,-1.010677576065063477e+00,-1.193602323532104492e+00,-1.208746671676635742e+00,-1.548972964286804199e+00,-1.181381344795227051e+00,-2.675857841968536377e-01,-1.088928699493408203e+00,-1.429045438766479492e+00
-1.102076530456542969e+00,1.622362732887268066e+00,-1.068248152732849121e+00,-1.205067753791809082e+00,-1.206111073493957520e+00,-1.564928531646728516e+00,-1.178579807281494141e+00,-2.377472221851348877e-01,-1.085896730422973633e+00,-1.428324341773986816e+00
-1.098844766616821289e+00,1.619753718376159668e+00,-1.112848997116088867e+00,-1.211867809295654297e+00,-1.203114986419677734e+00,-1.571541547775268555e+00,-1.175529360771179199e+00,-2.053224742412567139e-01,-1.082626342773437500e+00,-1.427905321121215820e+00
-1.095469951629638672e+00,1.616912007331848145e+00,-1.145735383033752441e+00,-1.215540885925292969e+00,-1.199942111968994141e+00,-1.574689626693725586e+00,-1.172333240509033203e+00,-1.700135171413421631e-01,-1.079305529594421387e+00,-1.424104928970336914e+00
-1.092039704322814941e+00,1.614018678665161133e+00,-1.168810963630676270e+00,-1.216893911361694336e+00,-1.196694374084472656e+00,-1.575425863265991211e+00,-1.169001340866088867e+00,-1.314294338226318359e-01,-1.075841307640075684e+00,-1.420975565910339355e+00
-1.088465929031372070e+00,1.611031532287597656e+00,-1.184351921081542969e+00,-1.216644167900085449e+00,-1.193278789520263672e+00,-1.575637221336364746e+00,-1.165624499320983887e+00,-8.914032578468322754e-02,-1.072229743003845215e+00,-1.422462701797485352e+00
-1.084836363792419434e+00,1.607904553413391113e+00,-1.194270730018615723e+00,-1.215328693389892578e+00,-1.189874172210693359e+00,-1.574533700942993164e+00,-1.162294149398803711e+00,-4.264986887574195862e-02,-1.068566203117370605e+00,-1.420750617980957031e+00
-1.081246376037597656e+00,1.604499220848083496e+00,-1.200019836425781250e+00,-1.213316798210144043e+00,-1.186394929885864258e+00,-1.573594331741333008e+00,-1.158838987350463867e+00,8.463699370622634888e-03,-1.064850449562072754e+00,-1.419401168823242188e+00
-1.077604055404663086e+00,1.601278305053710938e+00,-1.202880620956420898e+00,-1.210782647132873535e+00,-1.182931184768676758e+00,-1.571469426155090332e+00,-1.155443310737609863e+00,6.476390361785888672e-02,-1.061082124710083008e+00,-1.419627070426940918e+00
-1.073812961578369141e+00,1.597852110862731934e+00,-1.203760743141174316e+00,-1.208002805709838867e+00,-1.179390192031860352e+00,-1.569682717323303223e+00,-1.151923298835754395e+00,1.267265379428863525e-01,-1.057354092597961426e+00,-1.414335131645202637e+00
-1.070061922073364258e+00,1.594523549079895020e+00,-1.203206896781921387e+00,-1.204977035522460938e+00,-1.175869464874267578e+00,-1.567156076431274414e+00,-1.148571372032165527e+00,1.947417706251144409e-01,-1.053573369979858398e+00,-1.408407449722290039e+00
-1.066258311271667480e+00,1.590992450714111328e+00,-1.201679468154907227e+00,-1.201799154281616211e+00,-1.172275543212890625e+00,-1.565444231033325195e+00,-1.145120739936828613e+00,2.690540552139282227e-01,-1.049744844436645508e+00,-1.405364513397216797e+00
-1.062493681907653809e+00,1.587473750114440918e+00,-1.199539661407470703e+00,-1.198552012443542480e+00,-1.168602705001831055e+00,-1.563096404075622559e+00,-1.141750931739807129e+00,3.496709764003753662e-01,-1.045863509178161621e+00,-1.399887084960937500e+00
-1.058676362037658691e+00,1.583996415138244629e+00,-1.196973204612731934e+00,-1.195148944854736328e+00,-1.165133595466613770e+00,-1.561960816383361816e+00,-1.138385295867919922e+00,4.360952377319335938e-01,-1.042021036148071289e+00,-1.398784995079040527e+00
-1.054806351661682129e+00,1.580233216285705566e+00,-1.194164276123046875e+00,-1.191768169403076172e+00,-1.161490797996520996e+00,-1.560009360313415527e+00,-1.135018706321716309e+00,5.273124575614929199e-01,-1.038130521774291992e+00,-1.393239021301269531e+00
-1.050979733467102051e+00,1.576420187950134277e+00,-1.191015005111694336e+00,-1.188226461410522461e+00,-1.157771944999694824e+00,-1.559369087219238281e+00,-1.131661057472229004e+00,6.215511560440063477e-01,-1.034186959266662598e+00,-1.391873836517333984e+00
-1.047099947929382324e+00,1.572403669357299805e+00,-1.187804937362670898e+00,-1.184707641601562500e+00,-1.154252648353576660e+00,-1.558137893676757812e+00,-1.128319859504699707e+00,7.162147760391235352e-01,-1.030238389968872070e+00,-1.386665940284729004e+00
-1.043166875839233398e+00,1.568570137023925781e+00,-1.184441089630126953e+00,-1.181123614311218262e+00,-1.150567650794982910e+00,-1.556947827339172363e+00,-1.124902486801147461e+00,8.080874085426330566e-01,-1.026332855224609375e+00,-1.385623455047607422e+00
-1.039368748664855957e+00,1.564538598060607910e+00,-1.181016325950622559e+00,-1.177561402320861816e+00,-1.146898627281188965e+00,-1.554790496826171875e+00,-1.121588587760925293e+00,8.936806917190551758e-01,-1.022422313690185547e+00,-1.379832863807678223e+00
-1.035425662994384766e+00,1.560504436492919922e+00,-1.177529335021972656e+00,-1.174027681350708008e+00,-1.143252015113830566e+00,-1.553182482719421387e+00,-1.118287801742553711e+00,9.698044657707214355e-01,-1.018506646156311035e+00,-1.378200411796569824e+00
-1.031477332115173340e+00,1.556455254554748535e+00,-1.173976302146911621e+00,-1.170520663261413574e+00,-1.139714717864990234e+00,-1.550015807151794434e+00,-1.114887356758117676e+00,1.034267902374267578e+00,-1.014542222023010254e+00,-1.373245835304260254e+00
-1.027523756027221680e+00,1.552426218986511230e+00,-1.170457363128662109e+00,-1.167040586471557617e+00,-1.136013269424438477e+00,-1.547417521476745605e+00,-1.111573815345764160e+00,1.086054444313049316e+00,-1.010620713233947754e+00,-1.371978521347045898e+00
-1.023565053939819336e+00,1.548455238342285156e+00,-1.166968822479248047e+00,-1.163399457931518555e+00,-1.132330536842346191e+00,-1.543961286544799805e+00,-1.108139514923095703e+00,1.125629186630249023e+00,-1.006650567054748535e+00,-1.366062164306640625e+00
-1.019649386405944824e+00,1.544575214385986328e+00,-1.163418173789978027e+00,-1.159785270690917969e+00,-1.128674745559692383e+00,-1.541461467742919922e+00,-1.104773521423339844e+00,1.154507398605346680e+00,-1.002631664276123047e+00,-1.364295363426208496e+00
-1.015636920928955078e+00,1.540600538253784180e+00,-1.159713625907897949e+00,-1.156289815902709961e+00,-1.125038862228393555e+00,-1.537841796875000000e+00,-1.101268649101257324e+00,1.174360871315002441e+00,-9.986558556556701660e-01,-1.359022736549377441e+00
-1.011667490005493164e+00,1.536756277084350586e+00,-1.156131029129028320e+00,-1.152637481689453125e+00,-1.121433138847351074e+00,-1.535144329071044922e+00,-1.097708463668823242e+00,1.187419176101684570e+00,-9.945849776268005371e-01,-1.357831597328186035e+00
-1.001122593879699707e+00,1.519688963890075684e+00,-1.143748283386230469e+00,-1.140025019645690918e+00,-1.109243035316467285e+00,-1.517957568168640137e+00,-1.085582017898559570e+00,1.193139672279357910e+00,-9.840338230133056641e-01,-1.359776377677917480e+00
-9.984065294265747070e-01,1.521703720092773438e+00,-1.142493844032287598e+00,-1.138746619224548340e+00,-1.107666611671447754e+00,-1.521784186363220215e+00,-1.084040045738220215e+00,1.197828173637390137e+00,-9.811267256736755371e-01,-1.361841678619384766e+00
-9.954208135604858398e-01,1.520961642265319824e+00,-1.140642166137695312e+00,-1.136879086494445801e+00,-1.105492949485778809e+00,-1.522069215774536133e+00,-1.082001686096191406e+00,1.199674844741821289e+00,-9.779493808746337891e-01,-1.360881924629211426e+00
-9.922079443931579590e-01,1.518834590911865234e+00,-1.138184309005737305e+00,-1.134503602981567383e+00,-1.103084325790405273e+00,-1.521099686622619629e+00,-1.079543709754943848e+00,1.199383020401000977e+00,-9.746387600898742676e-01,-1.360981822013854980e+00
-9.888117313385009766e-01,1.515865683555603027e+00,-1.135490059852600098e+00,-1.131887674331665039e+00,-1.100337862968444824e+00,-1.518935918807983398e+00,-1.076744318008422852e+00,1.197722315788269043e+00,-9.711470603942871094e-01,-1.355002760887145996e+00
-9.852793812751770020e-01,1.512549877166748047e+00,-1.132557392120361328e+00,-1.128942370414733887e+00,-1.097352385520935059e+00,-1.516699433326721191e+00,-1.073793530464172363e+00,1.195124745368957520e+00,-9.675191044807434082e-01,-1.353210687637329102e+00
-9.816080331802368164e-01,1.508987665176391602e+00,-1.129289269447326660e+00,-1.125843286514282227e+00,-1.094114780426025391e+00,-1.514027833938598633e+00,-1.070583701133728027e+00,1.191858053207397461e+00,-9.637539386749267578e-01,-1.351375102996826172e+00
-9.778451323509216309e-01,1.505387306213378906e+00,-1.125872492790222168e+00,-1.122591137886047363e+00,-1.090720772743225098e+00,-1.511430859565734863e+00,-1.067257761955261230e+00,1.188019037246704102e+00,-9.599434733390808105e-01,-1.345242977142333984e+00
-9.740368723869323730e-01,1.501713395118713379e+00,-1.122491359710693359e+00,-1.119189858436584473e+00,-1.087266087532043457e+00,-1.508702516555786133e+00,-1.063765883445739746e+00,1.183930277824401855e+00,-9.560435414314270020e-01,-1.338742136955261230e+00
-9.701367616653442383e-01,1.497962117195129395e+00,-1.118961215019226074e+00,-1.115637540817260742e+00,-1.083653092384338379e+00,-1.506498098373413086e+00,-1.060160398483276367e+00,1.179526329040527344e+00,-9.520516991615295410e-01,-1.335348248481750488e+00
-9.661905169486999512e-01,1.494266986846923828e+00,-1.115374684333801270e+00,-1.112021565437316895e+00,-1.080065011978149414e+00,-1.503885149955749512e+00,-1.056614160537719727e+00,1.175010919570922852e+00,-9.480618834495544434e-01,-1.330468297004699707e+00
-9.621981978416442871e-01,1.490652203559875488e+00,-1.111730813980102539e+00,-1.108436465263366699e+00,-1.076411724090576172e+00,-1.502044558525085449e+00,-1.052943944931030273e+00,1.170285463333129883e+00,-9.439799785614013672e-01,-1.327869772911071777e+00
-9.581598043441772461e-01,1.486954450607299805e+00,-1.108126044273376465e+00,-1.104792237281799316e+00,-1.072689890861511230e+00,-1.500258803367614746e+00,-1.049242377281188965e+00,1.165488362312316895e+00,-9.398079514503479004e-01,-1.323238968849182129e+00
-9.540312290191650391e-01,1.483439326286315918e+00,-1.104556560516357422e+00,-1.101086139678955078e+00,-1.068900704383850098e+00,-1.498876214027404785e+00,-1.045413613319396973e+00,1.160621166229248047e+00,-9.356377720832824707e-01,-1.320088386535644531e+00
-9.499024152755737305e-01,1.479910135269165039e+00,-1.100838065147399902e+00,-1.097505450248718262e+00,-1.065133690834045410e+00,-1.496711730957031250e+00,-1.041689157485961914e+00,1.155642986297607422e+00,-9.314233064651489258e-01,-1.315779805183410645e+00
-9.457293152809143066e-01,1.476212263107299805e+00,-1.097158670425415039e+00,-1.093770742416381836e+00,-1.061388969421386719e+00,-1.494155049324035645e+00,-1.037928819656372070e+00,1.150690317153930664e+00,-9.272131919860839844e-01,-1.313266634941101074e+00
-9.415581226348876953e-01,1.472362875938415527e+00,-1.093421816825866699e+00,-1.090067505836486816e+00,-1.057620763778686523e+00,-1.491232156753540039e+00,-1.034090995788574219e+00,1.145675897598266602e+00,-9.229126572608947754e-01,-1.309645652770996094e+00
-9.372964501380920410e-01,1.468491315841674805e+00,-1.089724659919738770e+00,-1.086301445960998535e+00,-1.053830742835998535e+00,-1.488327145576477051e+00,-1.030214309692382812e+00,1.140653014183044434e+00,-9.186156392097473145e-01,-1.307157635688781738e+00
-9.330822825431823730e-01,1.464470624923706055e+00,-1.085969805717468262e+00,-1.082476139068603516e+00,-1.050018072128295898e+00,-1.485243439674377441e+00,-1.026255369186401367e+00,1.135583162307739258e+00,-9.142279624938964844e-01,-1.304521203041076660e+00
-9.287773966789245605e-01,1.460360169410705566e+00,-1.082253575325012207e+00,-1.078683614730834961e+00,-1.046135187149047852e+00,-1.482209086418151855e+00,-1.022308945655822754e+00,1.130509853363037109e+00,-9.098435044288635254e-01,-1.301547288894653320e+00
-9.244275093078613281e-01,1.456050992012023926e+00,-1.078387618064880371e+00,-1.075016617774963379e+00,-1.042229413986206055e+00,-1.479118585586547852e+00,-1.018370270729064941e+00,1.125449895858764648e+00,-9.054162502288818359e-01,-1.298638105392456055e+00
-9.200805425643920898e-01,1.451780080795288086e+00,-1.074559807777404785e+00,-1.071290969848632812e+00,-1.038300633430480957e+00,-1.476084113121032715e+00,-1.014493227005004883e+00,1.120303630828857422e+00,-9.009919166564941406e-01,-1.295552134513854980e+00
-9.157366156578063965e-01,1.447538256645202637e+00,-1.070678472518920898e+00,-1.067506551742553711e+00,-1.034396767616271973e+00,-1.472789883613586426e+00,-1.010533690452575684e+00,1.115184307098388672e+00,-8.965246081352233887e-01,-1.292109727859497070e+00
-9.113016128540039062e-01,1.443214058876037598e+00,-1.066835403442382812e+00,-1.063663482666015625e+00,-1.030471086502075195e+00,-1.469537496566772461e+00,-1.006490588188171387e+00,1.110152125358581543e+00,-8.920143246650695801e-01,-1.288424015045166016e+00
-9.068694710731506348e-01,1.438851356506347656e+00,-1.063030481338500977e+00,-1.059853196144104004e+00,-1.026571512222290039e+00,-1.466319680213928223e+00,-1.002509713172912598e+00,1.105068922042846680e+00,-8.875091671943664551e-01,-1.285390496253967285e+00
-9.024401903152465820e-01,1.434316158294677734e+00,-1.059264659881591797e+00,-1.055983424186706543e+00,-1.022558331489562988e+00,-1.463354468345642090e+00,-9.984944462776184082e-01,1.100010037422180176e+00,-8.829608559608459473e-01,-1.282160878181457520e+00
-8.979676961898803711e-01,1.429623126983642578e+00,-1.055445075035095215e+00,-1.052150726318359375e+00,-1.018571138381958008e+00,-1.460218310356140137e+00,-9.944450855255126953e-01,1.094901561737060547e+00,-8.783711194992065430e-01,-1.278254628181457520e+00
-8.934517502784729004e-01,1.424838423728942871e+00,-1.051571607589721680e+00,-1.048259258270263672e+00,-1.014611005783081055e+00,-1.457389950752258301e+00,-9.904133081436157227e-01,1.089848160743713379e+00,-8.737860321998596191e-01,-1.275037407875061035e+00
-8.889404535293579102e-01,1.419737696647644043e+00,-1.047740459442138672e+00,-1.044355988502502441e+00,-1.010585308074951172e+00,-1.454522609710693359e+00,-9.863008260726928711e-01,1.084846019744873047e+00,-8.691573143005371094e-01,-1.272248148918151855e+00
-8.843852877616882324e-01,1.414456844329833984e+00,-1.043854951858520508e+00,-1.040532588958740234e+00,-1.006585597991943359e+00,-1.451958537101745605e+00,-9.821984767913818359e-01,1.079976677894592285e+00,-8.644887804985046387e-01,-1.269363999366760254e+00
-8.760254979133605957e-01,1.393168210983276367e+00,-1.032725811004638672e+00,-1.029141902923583984e+00,-9.956590533256530762e-01,-1.435915827751159668e+00,-9.710410833358764648e-01,1.070900440216064453e+00,-8.565292358398437500e-01,-1.278005480766296387e+00
-8.718677759170532227e-01,1.393858194351196289e+00,-1.030358195304870605e+00,-1.026783466339111328e+00,-9.929277896881103516e-01,-1.438881397247314453e+00,-9.681069254875183105e-01,1.067279577255249023e+00,-8.521212339401245117e-01,-1.278865218162536621e+00
-8.676268458366394043e-01,1.392350912094116211e+00,-1.027577280998229980e+00,-1.023975968360900879e+00,-9.899218678474426270e-01,-1.438822507858276367e+00,-9.649374485015869141e-01,1.063434243202209473e+00,-8.476316928863525391e-01,-1.276963949203491211e+00
-8.632564544677734375e-01,1.389912486076354980e+00,-1.024568676948547363e+00,-1.021079540252685547e+00,-9.866829514503479004e-01,-1.437580704689025879e+00,-9.615703225135803223e-01,1.059427857398986816e+00,-8.431065082550048828e-01,-1.276095747947692871e+00
-8.588954806327819824e-01,1.386753439903259277e+00,-1.021374702453613281e+00,-1.017952084541320801e+00,-9.832942485809326172e-01,-1.435199499130249023e+00,-9.580426216125488281e-01,1.055074930191040039e+00,-8.385447263717651367e-01,-1.269937872886657715e+00
-8.544033169746398926e-01,1.383238077163696289e+00,-1.017994523048400879e+00,-1.014594912528991699e+00,-9.797613024711608887e-01,-1.432572126388549805e+00,-9.544061422348022461e-01,1.050393223762512207e+00,-8.338051438331604004e-01,-1.267284989356994629e+00
-8.498711585998535156e-01,1.379265666007995605e+00,-1.014474868774414062e+00,-1.011185288429260254e+00,-9.761226773262023926e-01,-1.429432749748229980e+00,-9.506943821907043457e-01,1.045600295066833496e+00,-8.290736079216003418e-01,-1.264425039291381836e+00
-8.453009128570556641e-01,1.375156044960021973e+00,-1.010859608650207520e+00,-1.007539033889770508e+00,-9.723805785179138184e-01,-1.426286339759826660e+00,-9.468197822570800781e-01,1.040683627128601074e+00,-8.242573738098144531e-01,-1.259003400802612305e+00
-8.405978083610534668e-01,1.370995640754699707e+00,-1.007104158401489258e+00,-1.003933548927307129e+00,-9.685345888137817383e-01,-1.422672748565673828e+00,-9.429199695587158203e-01,1.035660028457641602e+00,-8.194044828414916992e-01,-1.254319190979003906e+00
-8.359020948410034180e-01,1.366667151451110840e+00,-1.003299951553344727e+00,-1.000182986259460449e+00,-9.646289944648742676e-01,-1.419168949127197266e+00,-9.389001727104187012e-01,1.030558347702026367e+00,-8.144665956497192383e-01,-1.253255844116210938e+00
-8.311214447021484375e-01,1.362180352210998535e+00,-9.994468688964843750e-01,-9.962832331657409668e-01,-9.607082605361938477e-01,-1.415348529815673828e+00,-9.348496794700622559e-01,1.025413274765014648e+00,-8.094894289970397949e-01,-1.245532989501953125e+00
-8.262555599212646484e-01,1.357767224311828613e+00,-9.955450892448425293e-01,-9.924274682998657227e-01,-9.566879272460937500e-01,-1.411466717720031738e+00,-9.307336211204528809e-01,1.020308852195739746e+00,-8.044750094413757324e-01,-1.241620540618896484e+00
-8.213503360748291016e-01,1.353082776069641113e+00,-9.915942549705505371e-01,-9.884706735610961914e-01,-9.526103734970092773e-01,-1.407373428344726562e+00,-9.265442490577697754e-01,1.015205502510070801e+00,-7.994234561920166016e-01,-1.238569259643554688e+00
-8.164077401161193848e-01,1.348644852638244629e+00,-9.876421689987182617e-01,-9.845061898231506348e-01,-9.485229253768920898e-01,-1.403574943542480469e+00,-9.223323464393615723e-01,1.010086297988891602e+00,-7.942880392074584961e-01,-1.237125277519226074e+00
-8.114257454872131348e-01,1.344027519226074219e+00,-9.836409687995910645e-01,-9.805335998535156250e-01,-9.443802833557128906e-01,-1.399622678756713867e+00,-9.180478453636169434e-01,1.004951477050781250e+00,-7.891153097152709961e-01,-1.233239650726318359e+00
-8.064063787460327148e-01,1.339382290840148926e+00,-9.795922040939331055e-01,-9.765108227729797363e-01,-9.401868581771850586e-01,-1.396030068397521973e+00,-9.137483239173889160e-01,9.997209310531616211e-01,-7.838357686996459961e-01,-1.231977939605712891e+00
-8.013014197349548340e-01,1.334820628166198730e+00,-9.755421876907348633e-01,-9.724800586700439453e-01,-9.359856843948364258e-01,-1.392588615417480469e+00,-9.094235897064208984e-01,9.943107366561889648e-01,-7.784722447395324707e-01,-1.226086139678955078e+00
-7.961127161979675293e-01,1.330146074295043945e+00,-9.714909791946411133e-01,-9.684013128280639648e-01,-9.317853450775146484e-01,-1.389293074607849121e+00,-9.050838351249694824e-01,9.886904954910278320e-01,-7.730476260185241699e-01,-1.224973559379577637e+00
-7.908859252929687500e-01,1.325461030006408691e+00,-9.673926234245300293e-01,-9.642676115036010742e-01,-9.274855256080627441e-01,-1.386089563369750977e+00,-9.007198214530944824e-01,9.829959273338317871e-01,-7.675870656967163086e-01,-1.219683051109313965e+00
-7.856214642524719238e-01,1.320739269256591797e+00,-9.632465839385986328e-01,-9.601788520812988281e-01,-9.231854081153869629e-01,-1.383132338523864746e+00,-8.962947130203247070e-01,9.770427346229553223e-01,-7.620905041694641113e-01,-1.218883514404296875e+00
-7.802729606628417969e-01,1.315917253494262695e+00,-9.590990543365478516e-01,-9.559894204139709473e-01,-9.189255833625793457e-01,-1.379943847656250000e+00,-8.918457031250000000e-01,9.709927439689636230e-01,-7.564866542816162109e-01,-1.211895346641540527e+00
-7.748883962631225586e-01,1.311046242713928223e+00,-9.549059867858886719e-01,-9.518461227416992188e-01,-9.146215915679931641e-01,-1.377200484275817871e+00,-8.873848319053649902e-01,9.648012518882751465e-01,-7.508001923561096191e-01,-1.208935737609863281e+00
-7.694194912910461426e-01,1.306339621543884277e+00,-9.507113099098205566e-01,-9.476510286331176758e-01,-9.102671146392822266e-01,-1.374259829521179199e+00,-8.828542828559875488e-01,9.584066271781921387e-01,-7.450543642044067383e-01,-1.206981658935546875e+00
-7.639145851135253906e-01,1.301719546318054199e+00,-9.464711546897888184e-01,-9.434501528739929199e-01,-9.058626294136047363e-01,-1.371323108673095703e+00,-8.783015012741088867e-01,9.518903493881225586e-01,-7.392740845680236816e-01,-1.202359437942504883e+00
-7.582790851593017578e-01,1.297004461288452148e+00,-9.422314167022705078e-01,-9.392003417015075684e-01,-9.014579057693481445e-01,-1.368495106697082520e+00,-8.736861348152160645e-01,9.452407956123352051e-01,-7.333882451057434082e-01,-1.198605895042419434e+00
-7.526074051856994629e-01,1.292199134826660156e+00,-9.379925131797790527e-01,-9.348998069763183594e-01,-8.970550298690795898e-01,-1.365664243698120117e+00,-8.690529465675354004e-01,9.384658336639404297e-01,-7.273966670036315918e-01,-1.198447346687316895e+00
-7.468529939651489258e-01,1.287311673164367676e+00,-9.337079524993896484e-01,-9.306851029396057129e-01,-8.926043510437011719e-01,-1.362820744514465332e+00,-8.644013404846191406e-01,9.316564202308654785e-01,-7.213702797889709473e-01,-1.191507339477539062e+00
-7.411103248596191406e-01,1.282513260841369629e+00,-9.293776750564575195e-01,-9.263786077499389648e-01,-8.881645798683166504e-01,-1.360114336013793945e+00,-8.596950769424438477e-01,9.246989488601684570e-01,-7.152167558670043945e-01,-1.188000082969665527e+00
-7.352619171142578125e-01,1.277645111083984375e+00,-9.250016808509826660e-01,-9.220688343048095703e-01,-8.836398720741271973e-01,-1.357438325881958008e+00,-8.550274968147277832e-01,9.175976514816284180e-01,-7.090053558349609375e-01,-1.185227751731872559e+00
-7.293076515197753906e-01,1.272727012634277344e+00,-9.206280708312988281e-01,-9.176609516143798828e-01,-8.791272640228271484e-01,-1.354604721069335938e+00,-8.503063321113586426e-01,9.104033708572387695e-01,-7.026895880699157715e-01,-1.185129165649414062e+00
-7.252393960952758789e-01,1.255154013633728027e+00,-9.114890098571777344e-01,-9.081269502639770508e-01,-8.764886856079101562e-01,-1.335670828819274902e+00,-8.478534817695617676e-01,8.967670798301696777e-01,-6.995569467544555664e-01,-1.171554446220397949e+00
-7.190225720405578613e-01,1.254069924354553223e+00,-9.077387452125549316e-01,-9.043674468994140625e-01,-8.742324709892272949e-01,-1.338363528251647949e+00,-8.453395962715148926e-01,8.875571489334106445e-01,-6.928882598876953125e-01,-1.172079205513000488e+00
-7.127514481544494629e-01,1.252090930938720703e+00,-9.038580656051635742e-01,-9.004801511764526367e-01,-8.720257878303527832e-01,-1.338965535163879395e+00,-8.429123163223266602e-01,8.781034946441650391e-01,-6.861203908920288086e-01,-1.170604467391967773e+00
-7.064017057418823242e-01,1.249406933784484863e+00,-8.998917937278747559e-01,-8.965535759925842285e-01,-8.695750832557678223e-01,-1.338468074798583984e+00,-8.402265310287475586e-01,8.686481118202209473e-01,-6.792752742767333984e-01,-1.170128703117370605e+00
-6.999496221542358398e-01,1.246229290962219238e+00,-8.958391547203063965e-01,-8.924889564514160156e-01,-8.667678833007812500e-01,-1.336982607841491699e+00,-8.372581601142883301e-01,8.593211770057678223e-01,-6.722809672355651855e-01,-1.165506958961486816e+00
-6.933482885360717773e-01,1.242625951766967773e+00,-8.916995525360107422e-01,-8.883345723152160645e-01,-8.636531233787536621e-01,-1.335044264793395996e+00,-8.340611457824707031e-01,8.499567508697509766e-01,-6.651850938796997070e-01,-1.164045214653015137e+00
-6.866663694381713867e-01,1.238605380058288574e+00,-8.874261975288391113e-01,-8.840869665145874023e-01,-8.603569865226745605e-01,-1.332721114158630371e+00,-8.305696845054626465e-01,8.406851887702941895e-01,-6.579407453536987305e-01,-1.160382986068725586e+00
-6.798823475837707520e-01,1.234145879745483398e+00,-8.831126093864440918e-01,-8.798404932022094727e-01,-8.568274378776550293e-01,-1.330197930335998535e+00,-8.268752098083496094e-01,8.313480615615844727e-01,-6.505956053733825684e-01,-1.158842086791992188e+00
-6.729956865310668945e-01,1.229560732841491699e+00,-8.787105679512023926e-01,-8.754996061325073242e-01,-8.530482053756713867e-01,-1.327405571937561035e+00,-8.229128718376159668e-01,8.220259547233581543e-01,-6.431008577346801758e-01,-1.152166724205017090e+00
-6.659832000732421875e-01,1.224705219268798828e+00,-8.742675781250000000e-01,-8.711163401603698730e-01,-8.490616679191589355e-01,-1.324417948722839355e+00,-8.187685012817382812e-01,8.126628994941711426e-01,-6.355044841766357422e-01,-1.149255871772766113e+00
-6.588674187660217285e-01,1.219561457633972168e+00,-8.697833418846130371e-01,-8.666394948959350586e-01,-8.448473215103149414e-01,-1.321516275405883789e+00,-8.144232630729675293e-01,8.031439781188964844e-01,-6.277831792831420898e-01,-1.146005153656005859e+00
-6.515786647796630859e-01,1.214283347129821777e+00,-8.652112483978271484e-01,-8.621161580085754395e-01,-8.404349684715270996e-01,-1.318326234817504883e+00,-8.098587393760681152e-01,7.935760617256164551e-01,-6.198305487632751465e-01,-1.140537023544311523e+00
-6.441395878791809082e-01,1.208843350410461426e+00,-8.606432080268859863e-01,-8.575485944747924805e-01,-8.358041048049926758e-01,-1.315297722816467285e+00,-8.050572276115417480e-01,7.838971614837646484e-01,-6.117076873779296875e-01,-1.136135816574096680e+00
-6.365751624107360840e-01,1.203230023384094238e+00,-8.559873700141906738e-01,-8.528919219970703125e-01,-8.310205936431884766e-01,-1.312157273292541504e+00,-8.000334501266479492e-01,7.742179036140441895e-01,-6.034124493598937988e-01,-1.133486270904541016e+00
-6.288850903511047363e-01,1.197527527809143066e+00,-8.513370752334594727e-01,-8.481881618499755859e-01,-8.260007500648498535e-01,-1.308921217918395996e+00,-7.947050929069519043e-01,7.644750475883483887e-01,-5.948866605758666992e-01,-1.127672672271728516e+00
-6.210228204727172852e-01,1.191609621047973633e+00,-8.465986251831054688e-01,-8.434439897537231445e-01,-8.207609653472900391e-01,-1.305758953094482422e+00,-7.891787886619567871e-01,7.546201348304748535e-01,-5.861319303512573242e-01,-1.125516533851623535e+00
-6.129879355430603027e-01,1.185659885406494141e+00,-8.418194651603698730e-01,-8.386557698249816895e-01,-8.152584433555603027e-01,-1.302466869354248047e+00,-7.833423614501953125e-01,7.447286844253540039e-01,-5.771477222442626953e-01,-1.117564678192138672e+00
-6.047224402427673340e-01,1.179642438888549805e+00,-8.369995355606079102e-01,-8.338775038719177246e-01,-8.094752430915832520e-01,-1.299357175827026367e+00,-7.771996259689331055e-01,7.347038388252258301e-01,-5.679338574409484863e-01,-1.112848758697509766e+00
-5.962260365486145020e-01,1.173561453819274902e+00,-8.320904970169067383e-01,-8.290128111839294434e-01,-8.034543991088867188e-01,-1.296107769012451172e+00,-7.707934975624084473e-01,7.246525287628173828e-01,-5.584321618080139160e-01,-1.109308600425720215e+00
-5.875580906867980957e-01,1.167409300804138184e+00,-8.271403908729553223e-01,-8.241555094718933105e-01,-7.971976399421691895e-01,-1.292653918266296387e+00,-7.641455531120300293e-01,7.144091725349426270e-01,-5.486423373222351074e-01,-1.104464888572692871e+00
-5.786491036415100098e-01,1.161077022552490234e+00,-8.221973776817321777e-01,-8.192597031593322754e-01,-7.908306121826171875e-01,-1.289291620254516602e+00,-7.573612332344055176e-01,7.039042711257934570e-01,-5.385658740997314453e-01,-1.100808620452880859e+00
-5.694618821144104004e-01,1.154638886451721191e+00,-8.172129988670349121e-01,-8.143261671066284180e-01,-7.844724059104919434e-01,-1.285847783088684082e+00,-7.504824399948120117e-01,6.930302381515502930e-01,-5.281444787979125977e-01,-1.095315575599670410e+00
-5.600346922874450684e-01,1.148071527481079102e+00,-8.121412992477416992e-01,-8.093088269233703613e-01,-7.780981063842773438e-01,-1.282276034355163574e+00,-7.435814142227172852e-01,6.816757917404174805e-01,-5.173777341842651367e-01,-1.091127991676330566e+00
-5.503189563751220703e-01,1.141464829444885254e+00,-8.070297837257385254e-01,-8.042076230049133301e-01,-7.717247009277343750e-01,-1.278706908226013184e+00,-7.366455793380737305e-01,6.699318289756774902e-01,-5.062072873115539551e-01,-1.087772965431213379e+00
-5.402680039405822754e-01,1.134806156158447266e+00,-8.018764853477478027e-01,-7.991138100624084473e-01,-7.653123736381530762e-01,-1.275004744529724121e+00,-7.296835780143737793e-01,6.576113700866699219e-01,-4.945864081382751465e-01,-1.083656907081604004e+00
-5.298718214035034180e-01,1.127885341644287109e+00,-7.966372966766357422e-01,-7.939828038215637207e-01,-7.589110136032104492e-01,-1.271159052848815918e+00,-7.226260304450988770e-01,6.448058485984802246e-01,-4.825164675712585449e-01,-1.079618692398071289e+00
-5.191298127174377441e-01,1.120865702629089355e+00,-7.914041280746459961e-01,-7.887685298919677734e-01,-7.524980306625366211e-01,-1.267075061798095703e+00,-7.155227661132812500e-01,6.314545869827270508e-01,-4.699091017246246338e-01,-1.076001405715942383e+00
-5.079951882362365723e-01,1.113736152648925781e+00,-7.860846519470214844e-01,-7.834705114364624023e-01,-7.460998296737670898e-01,-1.262670874595642090e+00,-7.083466053009033203e-01,6.174643635749816895e-01,-4.567646086215972900e-01,-1.069827795028686523e+00
-4.964337348937988281e-01,1.106368541717529297e+00,-7.806786298751831055e-01,-7.781861424446105957e-01,-7.396479845046997070e-01,-1.258275270462036133e+00,-7.011255621910095215e-01,6.028020977973937988e-01,-4.430254399776458740e-01,-1.064807891845703125e+00
-4.844216406345367432e-01,1.098925828933715820e+00,-7.752569317817687988e-01,-7.728685140609741211e-01,-7.331904172897338867e-01,-1.253713607788085938e+00,-6.938100457191467285e-01,5.873987674713134766e-01,-4.286272525787353516e-01,-1.062470436096191406e+00
-4.889888465404510498e-01,1.080767035484313965e+00,-7.697553634643554688e-01,-7.668730616569519043e-01,-7.262288928031921387e-01,-1.229829907417297363e+00,-6.863610744476318359e-01,5.943170785903930664e-01,-4.336815774440765381e-01,-1.045946598052978516e+00
-4.764643013477325439e-01,1.075089693069458008e+00,-7.641739249229431152e-01,-7.614108324050903320e-01,-7.196295857429504395e-01,-1.229552030563354492e+00,-6.788204312324523926e-01,5.775663852691650391e-01,-4.186867475509643555e-01,-1.044281363487243652e+00
-4.634453356266021729e-01,1.068907380104064941e+00,-7.585553526878356934e-01,-7.558590769767761230e-01,-7.130036950111389160e-01,-1.228378415107727051e+00,-6.711474657058715820e-01,5.600546598434448242e-01,-4.029484391212463379e-01,-1.041540384292602539e+00
-4.498442411422729492e-01,1.062346935272216797e+00,-7.528509497642517090e-01,-7.502611279487609863e-01,-7.062639594078063965e-01,-1.226609706878662109e+00,-6.633846759796142578e-01,5.416099429130554199e-01,-3.863612711429595947e-01,-1.040023326873779297e+00
-4.356311857700347900e-01,1.055263876914978027e+00,-7.470620870590209961e-01,-7.446137666702270508e-01,-6.994780302047729492e-01,-1.224342942237854004e+00,-6.554535627365112305e-01,5.221227407455444336e-01,-3.689029514789581299e-01,-1.035849452018737793e+00
-4.207192361354827881e-01,1.047769784927368164e+00,-7.412363290786743164e-01,-7.389205694198608398e-01,-6.926236748695373535e-01,-1.221937298774719238e+00,-6.473550200462341309e-01,5.014588236808776855e-01,-3.504304289817810059e-01,-1.034461021423339844e+00
-4.050678312778472900e-01,1.039930939674377441e+00,-7.353250980377197266e-01,-7.331072688102722168e-01,-6.856526732444763184e-01,-1.219151377677917480e+00,-6.391018033027648926e-01,4.795920550823211670e-01,-3.308209180831909180e-01,-1.029859423637390137e+00
-3.886132836341857910e-01,1.031580448150634766e+00,-7.293049693107604980e-01,-7.272490262985229492e-01,-6.786148548126220703e-01,-1.216186285018920898e+00,-6.306766867637634277e-01,4.562075138092041016e-01,-3.099969029426574707e-01,-1.028312206268310547e+00
-3.712646961212158203e-01,1.022960305213928223e+00,-7.232465147972106934e-01,-7.213435173034667969e-01,-6.714850664138793945e-01,-1.213071584701538086e+00,-6.220694184303283691e-01,4.312419593334197998e-01,-2.878006994724273682e-01,-1.024879455566406250e+00
-3.529265224933624268e-01,1.013908028602600098e+00,-7.170801162719726562e-01,-7.153718471527099609e-01,-6.642217636108398438e-01,-1.209923148155212402e+00,-6.132132411003112793e-01,4.045132994651794434e-01,-2.640726864337921143e-01,-1.023681163787841797e+00
-3.334788382053375244e-01,1.004476070404052734e+00,-7.108744978904724121e-01,-7.093101739883422852e-01,-6.568709611892700195e-01,-1.206614971160888672e+00,-6.041370630264282227e-01,3.757064640522003174e-01,-2.386458218097686768e-01,-1.018473505973815918e+00
-3.127940297126770020e-01,9.944857358932495117e-01,-7.045600414276123047e-01,-7.031877040863037109e-01,-6.493920683860778809e-01,-1.203353762626647949e+00,-5.947974920272827148e-01,3.445688486099243164e-01,-2.113372683525085449e-01,-1.016048550605773926e+00
-2.907412350177764893e-01,9.841134548187255859e-01,-6.981130838394165039e-01,-6.970050930976867676e-01,-6.417823433876037598e-01,-1.199864864349365234e+00,-5.851710438728332520e-01,3.107668757438659668e-01,-1.819069832563400269e-01,-1.013971090316772461e+00
-2.671854197978973389e-01,9.732424616813659668e-01,-6.915560364723205566e-01,-6.906936764717102051e-01,-6.340214014053344727e-01,-1.196294784545898438e+00,-5.752460956573486328e-01,2.739039063453674316e-01,-1.501107960939407349e-01,-1.009865522384643555e+00
-2.419377118349075317e-01,9.618809819221496582e-01,-6.848419904708862305e-01,-6.843531131744384766e-01,-6.261138916015625000e-01,-1.192561149597167969e+00,-5.650051832199096680e-01,2.335971146821975708e-01,-1.157006323337554932e-01,-1.007199525833129883e+00
-2.148251086473464966e-01,9.499480724334716797e-01,-6.780648827552795410e-01,-6.778907179832458496e-01,-6.180739998817443848e-01,-1.188642859458923340e+00,-5.543865561485290527e-01,1.893175691366195679e-01,-7.836697995662689209e-02,-1.003902912139892578e+00
-1.856215298175811768e-01,9.373538494110107422e-01,-6.711776852607727051e-01,-6.713122725486755371e-01,-6.098802685737609863e-01,-1.184484004974365234e+00,-5.433698892593383789e-01,1.405540108680725098e-01,-3.780457004904747009e-02,-1.001186370849609375e+00
-1.540822088718414307e-01,9.240781068801879883e-01,-6.641796827316284180e-01,-6.647154092788696289e-01,-6.015255451202392578e-01,-1.180154323577880859e+00,-5.319744944572448730e-01,8.662679791450500488e-02,6.330639123916625977e-03,-9.959365725517272949e-01
-1.199478656053543091e-01,9.100092053413391113e-01,-6.570007205009460449e-01,-6.579892635345458984e-01,-5.929808020591735840e-01,-1.175512552261352539e+00,-5.200889706611633301e-01,2.690049633383750916e-02,5.432184040546417236e-02,-9.919888973236083984e-01
-8.292590826749801636e-02,8.950191140174865723e-01,-6.496862769126892090e-01,-6.511818170547485352e-01,-5.842238664627075195e-01,-1.170614361763000488e+00,-5.077047348022460938e-01,-3.939924016594886780e-02,1.065286695957183838e-01,-9.883317351341247559e-01
-4.269143566489219666e-02,8.789761662483215332e-01,-6.422118544578552246e-01,-6.442976593971252441e-01,-5.752449631690979004e-01,-1.165166020393371582e+00,-4.947760105133056641e-01,-1.129402965307235718e-01,1.632227450609207153e-01,-9.833872914314270020e-01
1.083839684724807739e-03,8.619068861007690430e-01,-6.345551609992980957e-01,-6.372697353363037109e-01,-5.660828948020935059e-01,-1.159246802330017090e+00,-4.812506735324859619e-01,-1.943016648292541504e-01,2.245453745126724243e-01,-9.789230227470397949e-01
4.872975870966911316e-02,8.435189723968505859e-01,-6.267613172531127930e-01,-6.301227211952209473e-01,-5.566667914390563965e-01,-1.152837514877319336e+00,-4.670332074165344238e-01,-2.839108109474182129e-01,2.905281484127044678e-01,-9.728186726570129395e-01
1.005675494670867920e-01,8.238161802291870117e-01,-6.187940835952758789e-01,-6.228343248367309570e-01,-5.469976067543029785e-01,-1.146016836166381836e+00,-4.520645439624786377e-01,-3.815755248069763184e-01,3.609955906867980957e-01,-9.679502248764038086e-01
1.568788737058639526e-01,8.025375008583068848e-01,-6.105940937995910645e-01,-6.154577136039733887e-01,-5.370346903800964355e-01,-1.138731598854064941e+00,-4.362713396549224854e-01,-4.865539669990539551e-01,4.354081451892852783e-01,-9.604229927062988281e-01
2.178590893745422363e-01,7.794758081436157227e-01,-6.021596193313598633e-01,-6.078981757164001465e-01,-5.267753005027770996e-01,-1.131027936935424805e+00,-4.195736944675445557e-01,-5.969424843788146973e-01,5.128560662269592285e-01,-9.550138115882873535e-01
2.835285067558288574e-01,7.543429136276245117e-01,-5.934886336326599121e-01,-6.002022624015808105e-01,-5.161598920822143555e-01,-1.122847080230712891e+00,-4.018629789352416992e-01,-7.097693085670471191e-01,5.919119715690612793e-01,-9.472913146018981934e-01
3.537121713161468506e-01,7.268593311309814453e-01,-5.845921635627746582e-01,-5.923272967338562012e-01,-5.051319003105163574e-01,-1.114446401596069336e+00,-3.830246329307556152e-01,-8.206571936607360840e-01,6.708488464355468750e-01,-9.412668347358703613e-01
4.279752075672149658e-01,6.966399550437927246e-01,-5.754446983337402344e-01,-5.842345952987670898e-01,-4.936864972114562988e-01,-1.105781793594360352e+00,-3.629545271396636963e-01,-9.245773553848266602e-01,7.474479079246520996e-01,-9.325937032699584961e-01
5.054085254669189453e-01,6.632076501846313477e-01,-5.660548210144042969e-01,-5.759258866310119629e-01,-4.817359149456024170e-01,-1.097053050994873047e+00,-3.415292799472808838e-01,-1.016690611839294434e+00,8.194679021835327148e-01,-9.256548881530761719e-01
6.508507132530212402e-01,6.053296327590942383e-01,-5.675792694091796875e-01,-5.787640213966369629e-01,-4.864996373653411865e-01,-1.065816640853881836e+00,-3.339869379997253418e-01,-1.096553444862365723e+00,9.447534680366516113e-01,-9.028237462043762207e-01
7.294299602508544922e-01,5.626362562179565430e-01,-5.575436949729919434e-01,-5.698531866073608398e-01,-4.739663898944854736e-01,-1.060354709625244141e+00,-3.104014396667480469e-01,-1.155773639678955078e+00,9.934073686599731445e-01,-8.961032032966613770e-01
8.040016293525695801e-01,5.146132707595825195e-01,-5.472308993339538574e-01,-5.606641769409179688e-01,-4.608235657215118408e-01,-1.055143594741821289e+00,-2.851013243198394775e-01,-1.199302911758422852e+00,1.032592296600341797e+00,-8.886203169822692871e-01
8.723332285881042480e-01,4.602326750755310059e-01,-5.365407466888427734e-01,-5.511391758918762207e-01,-4.470483660697937012e-01,-1.049179077148437500e+00,-2.578728199005126953e-01,-1.229462862014770508e+00,1.062981486320495605e+00,-8.814910650253295898e-01
9.325811266899108887e-01,3.983083665370941162e-01,-5.254569053649902344e-01,-5.413016676902770996e-01,-4.325233101844787598e-01,-1.043012857437133789e+00,-2.284438163042068481e-01,-1.249255537986755371e+00,1.085525631904602051e+00,-8.731477856636047363e-01
9.835875034332275391e-01,3.271620869636535645e-01,-5.139619112014770508e-01,-5.310822725296020508e-01,-4.172048568725585938e-01,-1.036074876785278320e+00,-1.965615153312683105e-01,-1.261542558670043945e+00,1.101686239242553711e+00,-8.654541373252868652e-01
1.025066018104553223e+00,2.447079122066497803e-01,-5.020095109939575195e-01,-5.204448103904724121e-01,-4.009959101676940918e-01,-1.028882265090942383e+00,-1.618979871273040771e-01,-1.268575310707092285e+00,1.112651944160461426e+00,-8.559731841087341309e-01
1.057558536529541016e+00,1.483287662267684937e-01,-4.895079433917999268e-01,-5.093294978141784668e-01,-3.837743997573852539e-01,-1.021039724349975586e+00,-1.240796148777008057e-01,-1.272088646888732910e+00,1.119477391242980957e+00,-8.475425839424133301e-01
1.082024455070495605e+00,3.525734692811965942e-02,-4.764323234558105469e-01,-4.976828098297119141e-01,-3.654482960700988770e-01,-1.013100266456604004e+00,-8.271278440952301025e-02,-1.273082852363586426e+00,1.123317956924438477e+00,-8.372598290443420410e-01
1.099701642990112305e+00,-9.803143888711929321e-02,-4.627200961112976074e-01,-4.854749739170074463e-01,-3.458567857742309570e-01,-1.004248976707458496e+00,-3.735780343413352966e-02,-1.272578716278076172e+00,1.124962329864501953e+00,-8.278722167015075684e-01
1.111881732940673828e+00,-2.550783455371856689e-01,-4.482984840869903564e-01,-4.726161360740661621e-01,-3.248726129531860352e-01,-9.952270984649658203e-01,1.247806474566459656e-02,-1.270843267440795898e+00,1.124933719635009766e+00,-8.166884183883666992e-01
1.119814991950988770e+00,-4.380456209182739258e-01,-4.330622553825378418e-01,-4.590327441692352295e-01,-3.022895455360412598e-01,-9.849676489830017090e-01,6.726050376892089844e-02,-1.268125057220458984e+00,1.123662710189819336e+00,-8.061020374298095703e-01
1.124576091766357422e+00,-6.463187932968139648e-01,-4.169279932975769043e-01,-4.446454048156738281e-01,-2.778924107551574707e-01,-9.744190573692321777e-01,1.274641007184982300e-01,-1.264920711517333984e+00,1.121588230133056641e+00,-7.935620546340942383e-01
1.126961946487426758e+00,-8.725727200508117676e-01,-3.997953534126281738e-01,-4.293503165245056152e-01,-2.514512538909912109e-01,-9.625308513641357422e-01,1.934744417667388916e-01,-1.261063456535339355e+00,1.118869066238403320e+00,-7.811766862869262695e-01
1.127444148063659668e+00,-1.099940776824951172e+00,-3.815298974514007568e-01,-4.130338132381439209e-01,-2.227066606283187866e-01,-9.506866335868835449e-01,2.655377984046936035e-01,-1.256570696830749512e+00,1.115753173828125000e+00,-7.665789723396301270e-01
1.126711606979370117e+00,-1.302850723266601562e+00,-3.620204329490661621e-01,-3.956074714660644531e-01,-1.913785189390182495e-01,-9.371308088302612305e-01,3.436403274536132812e-01,-1.251792907714843750e+00,1.112333059310913086e+00,-7.517087459564208984e-01
1.124964237213134766e+00,-1.457106232643127441e+00,-3.411723971366882324e-01,-3.769282996654510498e-01,-1.571424007415771484e-01,-9.237090945243835449e-01,4.273578226566314697e-01,-1.246993422508239746e+00,1.108583331108093262e+00,-7.346228361129760742e-01
1.122475266456604004e+00,-1.554427862167358398e+00,-3.188862800598144531e-01,-3.568905591964721680e-01,-1.196819543838500977e-01,-9.085041880607604980e-01,5.156833529472351074e-01,-1.242456555366516113e+00,1.104547023773193359e+00,-7.174987196922302246e-01
1.119321942329406738e+00,-1.606045246124267578e+00,-2.950794994831085205e-01,-3.353603184223175049e-01,-7.858274132013320923e-02,-8.935463428497314453e-01,6.070094108581542969e-01,-1.238099932670593262e+00,1.100307464599609375e+00,-6.984513998031616211e-01
1.115689992904663086e+00,-1.630116462707519531e+00,-2.696081101894378662e-01,-3.121032118797302246e-01,-3.339453041553497314e-02,-8.759936690330505371e-01,6.990166306495666504e-01,-1.233872890472412109e+00,1.095862627029418945e+00,-6.789238452911376953e-01
1.111642479896545410e+00,-1.640939354896545410e+00,-2.423003911972045898e-01,-2.868182063102722168e-01,1.645345613360404968e-02,-8.583233356475830078e-01,7.888965606689453125e-01,-1.229485988616943359e+00,1.091140508651733398e+00,-6.569941639900207520e-01
1.107257723808288574e+00,-1.645903229713439941e+00,-2.129475027322769165e-01,-2.591611742973327637e-01,7.152444124221801758e-02,-8.386530876159667969e-01,8.734425306320190430e-01,-1.224994659423828125e+00,1.086311221122741699e+00,-6.339132785797119141e-01
1.102761268615722656e+00,-1.648424148559570312e+00,-1.813183128833770752e-01,-2.289355248212814331e-01,1.322125494480133057e-01,-8.195791244506835938e-01,9.495323896408081055e-01,-1.220459461212158203e+00,1.081277132034301758e+00,-6.086274981498718262e-01
1.098009586334228516e+00,-1.649558663368225098e+00,-1.471464484930038452e-01,-1.962238550186157227e-01,1.984593272209167480e-01,-7.982676029205322266e-01,1.014541029930114746e+00,-1.216184377670288086e+00,1.076127290725708008e+00,-5.827850103378295898e-01
1.093049287796020508e+00,-1.650447487831115723e+00,-1.101492717862129211e-01,-1.609643548727035522e-01,2.701950669288635254e-01,-7.774008512496948242e-01,1.067156791687011719e+00,-1.212398648262023926e+00,1.070952057838439941e+00,-5.551114082336425781e-01
1.088063597679138184e+00,-1.651002168655395508e+00,-6.997633725404739380e-02,-1.228097751736640930e-01,3.473688364028930664e-01,-7.539460659027099609e-01,1.107682347297668457e+00,-1.208848357200622559e+00,1.065707564353942871e+00,-5.263320207595825195e-01
1.082960247993469238e+00,-1.651524424552917480e+00,-2.632800117135047913e-02,-8.138640969991683960e-02,4.294945299625396729e-01,-7.310560345649719238e-01,1.137327194213867188e+00,-1.205522656440734863e+00,1.060392498970031738e+00,-4.952403008937835693e-01
1.077739119529724121e+00,-1.651854872703552246e+00,2.118499204516410828e-02,-3.631468489766120911e-02,5.155781507492065430e-01,-7.058363556861877441e-01,1.158161997795104980e+00,-1.202099680900573730e+00,1.055007696151733398e+00,-4.622504413127899170e-01
1.072491765022277832e+00,-1.651946187019348145e+00,7.291381061077117920e-02,1.279672607779502869e-02,6.040315032005310059e-01,-6.809589266777038574e-01,1.171848773956298828e+00,-1.198738455772399902e+00,1.049551963806152344e+00,-4.262179732322692871e-01
1.067173361778259277e+00,-1.652179837226867676e+00,1.291853189468383789e-01,6.635472923517227173e-02,6.926708221435546875e-01,-6.530133485794067383e-01,1.180214524269104004e+00,-1.195398092269897461e+00,1.044025897979736328e+00,-3.872062563896179199e-01
1.056308865547180176e+00,-1.644111990928649902e+00,2.070979773998260498e-01,1.550197154283523560e-01,8.736972808837890625e-01,-5.538393855094909668e-01,1.180418968200683594e+00,-1.182062506675720215e+00,1.033500671386718750e+00,-2.737181186676025391e-01
1.052067756652832031e+00,-1.650471806526184082e+00,2.744714021682739258e-01,2.212910503149032593e-01,9.455769062042236328e-01,-5.116441249847412109e-01,1.183647632598876953e+00,-1.181213617324829102e+00,1.028872251510620117e+00,-2.160423099994659424e-01
1.047488451004028320e+00,-1.653040170669555664e+00,3.466149568557739258e-01,2.929053306579589844e-01,1.006836056709289551e+00,-4.653460085391998291e-01,1.184489488601684570e+00,-1.179500341415405273e+00,1.024094343185424805e+00,-1.502146720886230469e-01
1.042707681655883789e+00,-1.653981089591979980e+00,4.230449497699737549e-01,3.696579635143280029e-01,1.056532502174377441e+00,-4.120814502239227295e-01,1.183714389801025391e+00,-1.177093625068664551e+00,1.018973827362060547e+00,-7.474149763584136963e-02
1.037674546241760254e+00,-1.654066443443298340e+00,5.028836727142333984e-01,4.509643018245697021e-01,1.094965219497680664e+00,-3.536605238914489746e-01,1.181897163391113281e+00,-1.174019813537597656e+00,1.013696193695068359e+00,1.095816493034362793e-02
1.032527923583984375e+00,-1.653259754180908203e+00,5.847184062004089355e-01,5.357160568237304688e-01,1.123416543006896973e+00,-2.865354716777801514e-01,1.179304361343383789e+00,-1.170533061027526855e+00,1.008164882659912109e+00,1.080737933516502380e-01
1.027125954627990723e+00,-1.652465701103210449e+00,6.666662693023681641e-01,6.222182512283325195e-01,1.143395900726318359e+00,-2.119719982147216797e-01,1.176523566246032715e+00,-1.166574120521545410e+00,1.002565979957580566e+00,2.182007730007171631e-01
1.021657466888427734e+00,-1.651429533958435059e+00,7.464072704315185547e-01,7.081881165504455566e-01,1.156763434410095215e+00,-1.240838393568992615e-01,1.173601508140563965e+00,-1.161991953849792480e+00,9.969003796577453613e-01,3.421858549118041992e-01
1.016024827957153320e+00,-1.650120258331298828e+00,8.215469121932983398e-01,7.909710407257080078e-01,1.165054678916931152e+00,-2.410370856523513794e-02,1.171019315719604492e+00,-1.156715989112854004e+00,9.911209344863891602e-01,4.799553155899047852e-01
1.010324120521545410e+00,-1.648752212524414062e+00,8.897331953048706055e-01,8.678128719329833984e-01,1.169522762298583984e+00,9.524785727262496948e-02,1.168482184410095215e+00,-1.150887012481689453e+00,9.852273464202880859e-01,6.292397975921630859e-01
1.004647731781005859e+00,-1.647053241729736328e+00,9.491810202598571777e-01,9.362633228302001953e-01,1.171231150627136230e+00,2.325700521469116211e-01,1.165140986442565918e+00,-1.145781397819519043e+00,9.793158173561096191e-01,7.848246693611145020e-01
9.989027976989746094e-01,-1.645085096359252930e+00,9.989559054374694824e-01,9.945579171180725098e-01,1.170958518981933594e+00,3.921098113059997559e-01,1.161254405975341797e+00,-1.140960693359375000e+00,9.732895493507385254e-01,9.382967948913574219e-01
9.930430650711059570e-01,-1.643040180206298828e+00,1.038850545883178711e+00,1.042079210281372070e+00,1.169281482696533203e+00,5.701746940612792969e-01,1.156958103179931641e+00,-1.136388897895812988e+00,9.671477675437927246e-01,1.079095482826232910e+00
9.870683550834655762e-01,-1.641097784042358398e+00,1.069626092910766602e+00,1.079091668128967285e+00,1.166577458381652832e+00,7.659585475921630859e-01,1.152485370635986328e+00,-1.132022976875305176e+00,9.609871506690979004e-01,1.197167992591857910e+00
9.810245037078857422e-01,-1.638941168785095215e+00,1.092317461967468262e+00,1.106718778610229492e+00,1.163249969482421875e+00,9.653810262680053711e-01,1.147805929183959961e+00,-1.127815127372741699e+00,9.546649456024169922e-01,1.286697745323181152e+00
9.748649001121520996e-01,-1.636470198631286621e+00,1.108330249786376953e+00,1.126425623893737793e+00,1.159356474876403809e+00,1.154924511909484863e+00,1.143005967140197754e+00,-1.123739838600158691e+00,9.483231306076049805e-01,1.348048686981201172e+00
9.687777757644653320e-01,-1.633976101875305176e+00,1.119074940681457520e+00,1.139717698097229004e+00,1.155118227005004883e+00,1.310669660568237305e+00,1.138063073158264160e+00,-1.119735240936279297e+00,9.419155120849609375e-01,1.386363387107849121e+00
9.625286459922790527e-01,-1.631365656852722168e+00,1.125686526298522949e+00,1.148218512535095215e+00,1.150736093521118164e+00,1.425280332565307617e+00,1.133100748062133789e+00,-1.115680336952209473e+00,9.354878664016723633e-01,1.408578515052795410e+00
9.562595486640930176e-01,-1.628947496414184570e+00,1.129214882850646973e+00,1.153035998344421387e+00,1.146106004714965820e+00,1.494636297225952148e+00,1.128003358840942383e+00,-1.111704349517822266e+00,9.289482831954956055e-01,1.420292615890502930e+00
9.498283267021179199e-01,-1.625842094421386719e+00,1.130431294441223145e+00,1.155122995376586914e+00,1.141383171081542969e+00,1.533982157707214355e+00,1.122891187667846680e+00,-1.107684850692749023e+00,9.222964048385620117e-01,1.425998806953430176e+00
9.433764219284057617e-01,-1.623188495635986328e+00,1.129974246025085449e+00,1.155279517173767090e+00,1.136505007743835449e+00,1.549948811531066895e+00,1.117788195610046387e+00,-1.103748917579650879e+00,9.155777692794799805e-01,1.428040623664855957e+00
9.369043111801147461e-01,-1.620158553123474121e+00,1.128206849098205566e+00,1.153916001319885254e+00,1.131629347801208496e+00,1.559148907661437988e+00,1.112676620483398438e+00,-1.099768996238708496e+00,9.087464213371276855e-01,1.428048372268676758e+00
9.303656816482543945e-01,-1.617226243019104004e+00,1.125450015068054199e+00,1.151612162590026855e+00,1.126601457595825195e+00,1.560473322868347168e+00,1.107391357421875000e+00,-1.095876455307006836e+00,9.018018841743469238e-01,1.426602840423583984e+00
9.237142801284790039e-01,-1.614405274391174316e+00,1.122069120407104492e+00,1.148462653160095215e+00,1.121575117111206055e+00,1.562460303306579590e+00,1.102145195007324219e+00,-1.091947197914123535e+00,8.948405385017395020e-01,1.424365282058715820e+00
9.169963598251342773e-01,-1.611646652221679688e+00,1.118198871612548828e+00,1.144822716712951660e+00,1.116402745246887207e+00,1.559670448303222656e+00,1.096912741661071777e+00,-1.088102579116821289e+00,8.877660632133483887e-01,1.421594619750976562e+00
9.101656079292297363e-01,-1.608665585517883301e+00,1.113978028297424316e+00,1.140789866447448730e+00,1.111234545707702637e+00,1.559570789337158203e+00,1.091587781906127930e+00,-1.084120988845825195e+00,8.805825710296630859e-01,1.418599128723144531e+00
9.033181667327880859e-01,-1.605816721916198730e+00,1.109497785568237305e+00,1.136444330215454102e+00,1.106055378913879395e+00,1.556103706359863281e+00,1.086273670196533203e+00,-1.080133914947509766e+00,8.733356595039367676e-01,1.415197491645812988e+00
8.963117599487304688e-01,-1.603051185607910156e+00,1.104757070541381836e+00,1.131933331489562988e+00,1.100835919380187988e+00,1.555525422096252441e+00,1.080865621566772461e+00,-1.076198101043701172e+00,8.660258650779724121e-01,1.411816358566284180e+00
8.892886638641357422e-01,-1.600074768066406250e+00,1.099895715713500977e+00,1.127247333526611328e+00,1.095561385154724121e+00,1.550856351852416992e+00,1.075517654418945312e+00,-1.072305679321289062e+00,8.586068153381347656e-01,1.408218145370483398e+00
8.821058869361877441e-01,-1.597096323966979980e+00,1.094865083694458008e+00,1.122346401214599609e+00,1.090248227119445801e+00,1.550277948379516602e+00,1.070076823234558105e+00,-1.068283081054687500e+00,8.510318994522094727e-01,1.404707193374633789e+00
8.748273849487304688e-01,-1.583216309547424316e+00,1.083681106567382812e+00,1.110463857650756836e+00,1.078697800636291504e+00,1.549026846885681152e+00,1.058474421501159668e+00,-1.056470513343811035e+00,8.443969488143920898e-01,1.391504168510437012e+00
8.675073385238647461e-01,-1.586759805679321289e+00,1.080037713050842285e+00,1.107247591018676758e+00,1.074851989746093750e+00,1.555355668067932129e+00,1.054430603981018066e+00,-1.054071664810180664e+00,8.364096283912658691e-01,1.393207907676696777e+00
8.600842952728271484e-01,-1.586909532546997070e+00,1.075914859771728516e+00,1.103493213653564453e+00,1.070500016212463379e+00,1.555617570877075195e+00,1.049958586692810059e+00,-1.051339983940124512e+00,8.283182382583618164e-01,1.392555594444274902e+00
8.525084257125854492e-01,-1.585430383682250977e+00,1.071540355682373047e+00,1.099352359771728516e+00,1.065891265869140625e+00,1.556997060775756836e+00,1.045151114463806152e+00,-1.048349142074584961e+00,8.201234936714172363e-01,1.390669941902160645e+00
8.448243737220764160e-01,-1.583125948905944824e+00,1.066771507263183594e+00,1.094858884811401367e+00,1.061013221740722656e+00,1.553848862648010254e+00,1.040137410163879395e+00,-1.045154571533203125e+00,8.118699789047241211e-01,1.387824177742004395e+00
8.369848132133483887e-01,-1.580278038978576660e+00,1.061838865280151367e+00,1.090153694152832031e+00,1.055963397026062012e+00,1.556270241737365723e+00,1.035043358802795410e+00,-1.041707158088684082e+00,8.034140467643737793e-01,1.384473085403442383e+00
8.290855288505554199e-01,-1.577010154724121094e+00,1.056693553924560547e+00,1.085230827331542969e+00,1.050728917121887207e+00,1.551377773284912109e+00,1.029739737510681152e+00,-1.038136124610900879e+00,7.948050498962402344e-01,1.380758762359619141e+00
8.210295438766479492e-01,-1.573779106140136719e+00,1.051523089408874512e+00,1.080236077308654785e+00,1.045512437820434570e+00,1.552433967590332031e+00,1.024258613586425781e+00,-1.034444451332092285e+00,7.860887646675109863e-01,1.376998901367187500e+00
8.128668665885925293e-01,-1.570424079895019531e+00,1.046187520027160645e+00,1.075113415718078613e+00,1.040201902389526367e+00,1.548734903335571289e+00,1.018753051757812500e+00,-1.030714869499206543e+00,7.771729230880737305e-01,1.372979283332824707e+00
8.045012950897216797e-01,-1.566896796226501465e+00,1.040685653686523438e+00,1.069917678833007812e+00,1.034721374511718750e+00,1.548275589942932129e+00,1.013065338134765625e+00,-1.026865363121032715e+00,7.680801153182983398e-01,1.369130730628967285e+00
7.960284352302551270e-01,-1.563485741615295410e+00,1.035201549530029297e+00,1.064733862876892090e+00,1.029238462448120117e+00,1.542494058609008789e+00,1.007258296012878418e+00,-1.022974848747253418e+00,7.587636709213256836e-01,1.365052103996276855e+00
7.873560786247253418e-01,-1.559970140457153320e+00,1.029647350311279297e+00,1.059384942054748535e+00,1.023678541183471680e+00,1.542192697525024414e+00,1.001453042030334473e+00,-1.019048810005187988e+00,7.493198513984680176e-01,1.361167192459106445e+00
7.785531878471374512e-01,-1.556371092796325684e+00,1.023926496505737305e+00,1.053999066352844238e+00,1.018026351928710938e+00,1.536619901657104492e+00,9.956209659576416016e-01,-1.015041112899780273e+00,7.396291494369506836e-01,1.357128500938415527e+00
7.695038914680480957e-01,-1.552925229072570801e+00,1.018319606781005859e+00,1.048543095588684082e+00,1.012198448181152344e+00,1.536921858787536621e+00,9.896965026855468750e-01,-1.010907769203186035e+00,7.297412157058715820e-01,1.353117823600769043e+00
7.602774500846862793e-01,-1.549390554428100586e+00,1.012546062469482422e+00,1.043098807334899902e+00,1.006276011466979980e+00,1.529552817344665527e+00,9.836481809616088867e-01,-1.006832718849182129e+00,7.196331620216369629e-01,1.349231004714965820e+00
7.509006857872009277e-01,-1.545900940895080566e+00,1.006702065467834473e+00,1.037490129470825195e+00,1.000367879867553711e+00,1.529814481735229492e+00,9.776054024696350098e-01,-1.002719163894653320e+00,7.091847658157348633e-01,1.345246791839599609e+00
7.412770986557006836e-01,-1.542120337486267090e+00,1.000787496566772461e+00,1.031804919242858887e+00,9.944612979888916016e-01,1.525786638259887695e+00,9.714901447296142578e-01,-9.986585378646850586e-01,6.984229087829589844e-01,1.341446995735168457e+00
7.314561605453491211e-01,-1.538457632064819336e+00,9.948937892913818359e-01,1.026138186454772949e+00,9.885202050209045410e-01,1.525230407714843750e+00,9.652329683303833008e-01,-9.944255948066711426e-01,6.873699426651000977e-01,1.337641239166259766e+00
7.213184833526611328e-01,-1.534937262535095215e+00,9.888834357261657715e-01,1.020487546920776367e+00,9.824398756027221680e-01,1.519485712051391602e+00,9.589040279388427734e-01,-9.902367591857910156e-01,6.760991811752319336e-01,1.333916306495666504e+00
7.109369635581970215e-01,-1.531155109405517578e+00,9.828019142150878906e-01,1.014770388603210449e+00,9.762812256813049316e-01,1.519541144371032715e+00,9.525312185287475586e-01,-9.859604835510253906e-01,6.644448637962341309e-01,1.330247759819030762e+00
7.002880573272705078e-01,-1.527490973472595215e+00,9.767457842826843262e-01,1.008976936340332031e+00,9.700768589973449707e-01,1.514158844947814941e+00,9.460812807083129883e-01,-9.816856980323791504e-01,6.524563431739807129e-01,1.326533436775207520e+00
6.893253326416015625e-01,-1.523731231689453125e+00,9.705723524093627930e-01,1.003116607666015625e+00,9.638900160789489746e-01,1.514907240867614746e+00,9.395874738693237305e-01,-9.773199558258056641e-01,6.399906873703002930e-01,1.322954058647155762e+00
6.780483722686767578e-01,-1.520074129104614258e+00,9.643278121948242188e-01,9.971811771392822266e-01,9.575626254081726074e-01,1.508953809738159180e+00,9.330212473869323730e-01,-9.730480909347534180e-01,6.271438002586364746e-01,1.319275140762329102e+00
6.665070652961730957e-01,-1.516386032104492188e+00,9.580163955688476562e-01,9.912256598472595215e-01,9.512087106704711914e-01,1.509960293769836426e+00,9.264125227928161621e-01,-9.686827659606933594e-01,6.138111352920532227e-01,1.315748095512390137e+00
6.545353531837463379e-01,-1.512600421905517578e+00,9.515874385833740234e-01,9.851961135864257812e-01,9.447654485702514648e-01,1.505371928215026855e+00,9.196354150772094727e-01,-9.643172025680541992e-01,5.999922752380371094e-01,1.312244653701782227e+00
6.421828269958496094e-01,-1.508668184280395508e+00,9.451371431350708008e-01,9.791471362113952637e-01,9.382948279380798340e-01,1.506999373435974121e+00,9.128162860870361328e-01,-9.599058628082275391e-01,5.856173038482666016e-01,1.308798789978027344e+00
6.293525695800781250e-01,-1.504877686500549316e+00,9.386653900146484375e-01,9.730293750762939453e-01,9.317355155944824219e-01,1.501302719116210938e+00,9.059248566627502441e-01,-9.554924368858337402e-01,5.705813765525817871e-01,1.305141210556030273e+00
6.160942912101745605e-01,-1.500906944274902344e+00,9.320800304412841797e-01,9.668483138084411621e-01,9.250593781471252441e-01,1.501229286193847656e+00,8.988991975784301758e-01,-9.509825706481933594e-01,5.549689531326293945e-01,1.301560521125793457e+00
6.023380756378173828e-01,-1.496949434280395508e+00,9.254729747772216797e-01,9.606446623802185059e-01,9.184359312057495117e-01,1.496021270751953125e+00,8.917991518974304199e-01,-9.465156793594360352e-01,5.386750698089599609e-01,1.297821998596191406e+00
5.881335735321044922e-01,-1.493057489395141602e+00,9.187520146369934082e-01,9.543825984001159668e-01,9.116483330726623535e-01,1.495814919471740723e+00,8.846083879470825195e-01,-9.419597983360290527e-01,5.214870572090148926e-01,1.293976068496704102e+00
5.901024937629699707e-01,-1.476681351661682129e+00,9.105703234672546387e-01,9.450981020927429199e-01,9.030799865722656250e-01,1.492414593696594238e+00,8.762143850326538086e-01,-9.318524003028869629e-01,5.252258777618408203e-01,1.278515458106994629e+00
5.745847225189208984e-01,-1.478510737419128418e+00,9.039325714111328125e-01,9.391208887100219727e-01,8.963584303855895996e-01,1.498449325561523438e+00,8.689155578613281250e-01,-9.279208779335021973e-01,5.067593455314636230e-01,1.278432250022888184e+00
5.584716200828552246e-01,-1.477703452110290527e+00,8.970948457717895508e-01,9.329932928085327148e-01,8.895088434219360352e-01,1.497592091560363770e+00,8.614723086357116699e-01,-9.239426255226135254e-01,4.873247444629669189e-01,1.276847004890441895e+00
5.416907668113708496e-01,-1.475395798683166504e+00,8.901002407073974609e-01,9.267668128013610840e-01,8.824920058250427246e-01,1.497951149940490723e+00,8.539920449256896973e-01,-9.198542833328247070e-01,4.668878316879272461e-01,1.274450659751892090e+00
5.241243243217468262e-01,-1.472292780876159668e+00,8.830894231796264648e-01,9.204881191253662109e-01,8.753069043159484863e-01,1.493498086929321289e+00,8.463047146797180176e-01,-9.156846404075622559e-01,4.452168941497802734e-01,1.271381616592407227e+00
5.057014822959899902e-01,-1.468566298484802246e+00,8.760156631469726562e-01,9.140640497207641602e-01,8.680979609489440918e-01,1.492865204811096191e+00,8.385704755783081055e-01,-9.114027023315429688e-01,4.223641455173492432e-01,1.268135666847229004e+00
4.863400161266326904e-01,-1.464441537857055664e+00,8.687860965728759766e-01,9.074922204017639160e-01,8.607210516929626465e-01,1.486452937126159668e+00,8.305854201316833496e-01,-9.070730209350585938e-01,3.980407416820526123e-01,1.264481306076049805e+00
4.659557938575744629e-01,-1.460198640823364258e+00,8.613495826721191406e-01,9.008736014366149902e-01,8.532319664955139160e-01,1.486026525497436523e+00,8.225533366203308105e-01,-9.026212692260742188e-01,3.720426857471466064e-01,1.260729312896728516e+00
4.444437921047210693e-01,-1.455736994743347168e+00,8.538022637367248535e-01,8.941093087196350098e-01,8.456708788871765137e-01,1.479578495025634766e+00,8.143633008003234863e-01,-8.981208801269531250e-01,3.442596197128295898e-01,1.256774187088012695e+00

