1.894874311983585358e-02,4.995853453874588013e-02,1.640892326831817627e-01,1.663836985826492310e-01,8.021388947963714600e-02,1.348390132188796997e-01,1.385442316532135010e-01,6.873598322272300720e-03,1.126552522182464600e-01,5.060692131519317627e-02
2.474481984972953796e-02,5.473469197750091553e-02,2.811894714832305908e-01,2.707570791244506836e-01,1.548325419425964355e-01,2.218619585037231445e-01,2.006201446056365967e-01,1.294904109090566635e-02,1.413597315549850464e-01,9.060221910476684570e-02
3.090543299913406372e-02,5.540331825613975525e-02,4.067918956279754639e-01,3.830396533012390137e-01,2.361259311437606812e-01,3.176925778388977051e-01,2.676459550857543945e-01,1.823591068387031555e-02,1.725158095359802246e-01,1.329480111598968506e-01
3.746774047613143921e-02,5.088485777378082275e-02,5.379744768142700195e-01,5.011036992073059082e-01,3.238025307655334473e-01,4.229775071144104004e-01,3.392283916473388672e-01,2.243054844439029694e-02,2.062409371137619019e-01,1.768189817667007446e-01
4.447334632277488708e-02,3.998327255249023438e-02,6.698941588401794434e-01,6.213079690933227539e-01,4.169301986694335938e-01,5.369781255722045898e-01,4.145977497100830078e-01,2.521362155675888062e-02,2.426137477159500122e-01,2.233103960752487183e-01
5.196874216198921204e-02,2.141993679106235504e-02,7.962704300880432129e-01,7.387128472328186035e-01,5.137740969657897949e-01,6.586225628852844238e-01,4.926156401634216309e-01,2.632395178079605103e-02,2.816554009914398193e-01,2.750405073165893555e-01
6.000573560595512390e-02,-6.162337958812713623e-03,9.106739163398742676e-01,8.478707075119018555e-01,6.117559075355529785e-01,7.843347191810607910e-01,5.717728137969970703e-01,2.557693049311637878e-02,3.233071565628051758e-01,3.334562480449676514e-01
6.864151358604431152e-02,-4.424887150526046753e-02,1.008174300193786621e+00,9.440388679504394531e-01,7.076413631439208984e-01,9.059277772903442383e-01,6.502024531364440918e-01,2.282378077507019043e-02,3.674101531505584717e-01,3.982289135456085205e-01
7.793986797332763672e-02,-9.453143179416656494e-02,1.086487054824829102e+00,1.024261832237243652e+00,7.979726195335388184e-01,1.015341877937316895e+00,7.258073687553405762e-01,1.797516085207462311e-02,4.136793017387390137e-01,4.687319695949554443e-01
8.797078579664230347e-02,-1.588441878557205200e-01,1.146047472953796387e+00,1.087806344032287598e+00,8.796591758728027344e-01,1.107753038406372070e+00,7.965156435966491699e-01,1.109394989907741547e-02,4.616895914077758789e-01,5.441782474517822266e-01
9.881135821342468262e-02,-2.389194220304489136e-01,1.189204812049865723e+00,1.135821223258972168e+00,9.505202174186706543e-01,1.181390166282653809e+00,8.605815172195434570e-01,2.386806765571236610e-03,5.108680725097656250e-01,6.230914592742919922e-01
1.105456873774528503e-01,-3.360368311405181885e-01,1.219139099121093750e+00,1.170592784881591797e+00,1.009596705436706543e+00,1.237179994583129883e+00,9.168317914009094238e-01,-7.917519658803939819e-03,5.605086088180541992e-01,7.032823562622070312e-01
1.232629120349884033e-01,-4.504422247409820557e-01,1.239028096199035645e+00,1.194776415824890137e+00,1.057102441787719727e+00,1.277788400650024414e+00,9.647713899612426758e-01,-1.963179185986518860e-02,6.097895503044128418e-01,7.821534276008605957e-01
1.370564103126525879e-01,-5.804603099822998047e-01,1.251601815223693848e+00,1.210893750190734863e+00,1.094100713729858398e+00,1.306563973426818848e+00,1.004512429237365723e+00,-3.264392912387847900e-02,6.578369140625000000e-01,8.570531010627746582e-01
1.520199775695800781e-01,-7.215207815170288086e-01,1.258993387222290039e+00,1.221064925193786621e+00,1.122040629386901855e+00,1.326656699180603027e+00,1.036560058593750000e+00,-4.699638485908508301e-02,7.037792205810546875e-01,9.256601929664611816e-01
1.682432591915130615e-01,-8.657727241516113281e-01,1.262780427932739258e+00,1.226949691772460938e+00,1.142420291900634766e+00,1.340534210205078125e+00,1.061628103256225586e+00,-6.291051208972930908e-02,7.468206882476806641e-01,9.862509965896606445e-01
1.858035475015640259e-01,-1.003162145614624023e+00,1.264081716537475586e+00,1.229795336723327637e+00,1.156679272651672363e+00,1.349945545196533203e+00,1.080599308013916016e+00,-8.067657798528671265e-02,7.863000631332397461e-01,1.037850379943847656e+00
2.047672867774963379e-01,-1.124135255813598633e+00,1.263673424720764160e+00,1.230488419532775879e+00,1.166144132614135742e+00,1.356127619743347168e+00,1.094443082809448242e+00,-1.005671024322509766e-01,8.217450380325317383e-01,1.080276250839233398e+00
2.251811325550079346e-01,-1.222591519355773926e+00,1.262079954147338867e+00,1.229665160179138184e+00,1.171947717666625977e+00,1.359897851943969727e+00,1.104113817214965820e+00,-1.228359043598175049e-01,8.528861999511718750e-01,1.113997817039489746e+00
2.470766901969909668e-01,-1.297162771224975586e+00,1.259660840034484863e+00,1.227765560150146484e+00,1.174994945526123047e+00,1.361787796020507812e+00,1.110456824302673340e+00,-1.477301865816116333e-01,8.796607255935668945e-01,1.139936447143554688e+00
2.704675495624542236e-01,-1.350306272506713867e+00,1.256657838821411133e+00,1.225099563598632812e+00,1.175989985466003418e+00,1.362172603607177734e+00,1.114187598228454590e+00,-1.754923909902572632e-01,9.021840691566467285e-01,1.159222722053527832e+00
2.953478097915649414e-01,-1.386335253715515137e+00,1.253238320350646973e+00,1.221884012222290039e+00,1.175464987754821777e+00,1.361371994018554688e+00,1.115889191627502441e+00,-2.063504904508590698e-01,9.207108020782470703e-01,1.173032879829406738e+00
3.216873705387115479e-01,-1.409745216369628906e+00,1.249519348144531250e+00,1.218273162841796875e+00,1.173817873001098633e+00,1.359668254852294922e+00,1.116026043891906738e+00,-2.405032515525817871e-01,9.355885982513427734e-01,1.182470202445983887e+00
3.494254350662231445e-01,-1.424329519271850586e+00,1.245583295822143555e+00,1.214375853538513184e+00,1.171341896057128906e+00,1.357297062873840332e+00,1.114962577819824219e+00,-2.780981361865997314e-01,9.472135901451110840e-01,1.188499450683593750e+00
3.784641921520233154e-01,-1.432943940162658691e+00,1.241488099098205566e+00,1.210270881652832031e+00,1.168255090713500977e+00,1.354444146156311035e+00,1.112981796264648438e+00,-3.192058801651000977e-01,9.559949636459350586e-01,1.191920518875122070e+00
4.086622595787048340e-01,-1.437597036361694336e+00,1.237275481224060059e+00,1.206013083457946777e+00,1.164715051651000977e+00,1.351249337196350098e+00,1.110300421714782715e+00,-3.637863099575042725e-01,9.623286128044128418e-01,1.193372964859008789e+00
4.398306906223297119e-01,-1.439645290374755859e+00,1.232974886894226074e+00,1.201642155647277832e+00,1.160838723182678223e+00,1.347814798355102539e+00,1.107084274291992188e+00,-4.116523861885070801e-01,9.665805101394653320e-01,1.193353414535522461e+00
4.717307686805725098e-01,-1.439983487129211426e+00,1.228607177734375000e+00,1.197185873985290527e+00,1.156709671020507812e+00,1.344212055206298828e+00,1.103458404541015625e+00,-4.624342918395996094e-01,9.690782427787780762e-01,1.192238807678222656e+00
5.040759444236755371e-01,-1.439194560050964355e+00,1.224186778068542480e+00,1.192664146423339844e+00,1.152390360832214355e+00,1.340493321418762207e+00,1.099518418312072754e+00,-5.155516266822814941e-01,9.701067805290222168e-01,1.190309882164001465e+00
5.365376472473144531e-01,-1.437654733657836914e+00,1.219724655151367188e+00,1.188090801239013672e+00,1.147925376892089844e+00,1.336694002151489258e+00,1.095334649085998535e+00,-5.702052116394042969e-01,9.699104428291320801e-01,1.187772393226623535e+00
5.687553286552429199e-01,-1.435609579086303711e+00,1.215227484703063965e+00,1.183474898338317871e+00,1.143346786499023438e+00,1.332840085029602051e+00,1.090960264205932617e+00,-6.253949999809265137e-01,9.686957597732543945e-01,1.184773683547973633e+00
6.003516316413879395e-01,-1.433217525482177734e+00,1.210700511932373047e+00,1.178824543952941895e+00,1.138678431510925293e+00,1.328950285911560059e+00,1.086432933807373047e+00,-6.799784898757934570e-01,9.666342735290527344e-01,1.181416034698486328e+00
6.309492588043212891e-01,-1.430582284927368164e+00,1.206147670745849609e+00,1.174143433570861816e+00,1.133936405181884766e+00,1.325040340423583984e+00,1.081782221794128418e+00,-7.327580451965332031e-01,9.638676047325134277e-01,1.177778005599975586e+00
6.601891517639160156e-01,-1.427772760391235352e+00,1.201570272445678711e+00,1.169434428215026855e+00,1.129136085510253906e+00,1.321120262145996094e+00,1.077027082443237305e+00,-7.825930118560791016e-01,9.605133533477783203e-01,1.173907637596130371e+00
6.877529621124267578e-01,-1.424836397171020508e+00,1.196972370147705078e+00,1.164700269699096680e+00,1.124282598495483398e+00,1.317203164100646973e+00,1.072182655334472656e+00,-8.285143375396728516e-01,9.566670656204223633e-01,1.169852495193481445e+00
7.133717536926269531e-01,-1.421804904937744141e+00,1.192350506782531738e+00,1.159942030906677246e+00,1.119385838508605957e+00,1.313298583030700684e+00,1.067256689071655273e+00,-8.698062896728515625e-01,9.524055123329162598e-01,1.165638089179992676e+00
7.368409633636474609e-01,-1.418698787689208984e+00,1.187713146209716797e+00,1.155160427093505859e+00,1.114447116851806641e+00,1.309419751167297363e+00,1.062261819839477539e+00,-9.060607552528381348e-01,9.477925300598144531e-01,1.161293268203735352e+00
7.580281496047973633e-01,-1.415534734725952148e+00,1.183051943778991699e+00,1.150355100631713867e+00,1.109472155570983887e+00,1.305570363998413086e+00,1.057193875312805176e+00,-9.371654391288757324e-01,9.428794980049133301e-01,1.156838417053222656e+00
7.768666744232177734e-01,-1.412319660186767578e+00,1.178367495536804199e+00,1.145531535148620605e+00,1.104461431503295898e+00,1.301762819290161133e+00,1.052062869071960449e+00,-9.632702469825744629e-01,9.377069473266601562e-01,1.152290940284729004e+00
7.933554649353027344e-01,-1.409072756767272949e+00,1.173671007156372070e+00,1.140678286552429199e+00,1.099421381950378418e+00,1.297992944717407227e+00,1.046864867210388184e+00,-9.847190976142883301e-01,9.323071837425231934e-01,1.147667407989501953e+00
8.075501918792724609e-01,-1.405785918235778809e+00,1.168946743011474609e+00,1.135805368423461914e+00,1.094343185424804688e+00,1.294252276420593262e+00,1.041605591773986816e+00,-1.001972079277038574e+00,9.267099499702453613e-01,1.142973065376281738e+00
8.195413351058959961e-01,-1.402470231056213379e+00,1.164208531379699707e+00,1.130910277366638184e+00,1.089236974716186523e+00,1.290512919425964355e+00,1.036283612251281738e+00,-1.015549898147583008e+00,9.209331274032592773e-01,1.138222694396972656e+00
8.294624686241149902e-01,-1.399126291275024414e+00,1.159448742866516113e+00,1.125986814498901367e+00,1.084096193313598633e+00,1.286741495132446289e+00,1.030901908874511719e+00,-1.025978922843933105e+00,9.149973392486572266e-01,1.133419752120971680e+00
8.374626040458679199e-01,-1.395756721496582031e+00,1.154663681983947754e+00,1.121044039726257324e+00,1.078925371170043945e+00,1.282909870147705078e+00,1.025465607643127441e+00,-1.033757925033569336e+00,9.089104533195495605e-01,1.128569960594177246e+00
8.437006473541259766e-01,-1.392361521720886230e+00,1.149859666824340820e+00,1.116074800491333008e+00,1.073721647262573242e+00,1.279001832008361816e+00,1.019968152046203613e+00,-1.039335846900939941e+00,9.026864171028137207e-01,1.123678565025329590e+00
8.483403921127319336e-01,-1.388942241668701172e+00,1.145033836364746094e+00,1.111080527305603027e+00,1.068485379219055176e+00,1.275011897087097168e+00,1.014413237571716309e+00,-1.043105602264404297e+00,8.963319659233093262e-01,1.118748068809509277e+00
8.515418171882629395e-01,-1.385499119758605957e+00,1.140185832977294922e+00,1.106060266494750977e+00,1.063215732574462891e+00,1.270943403244018555e+00,1.008800864219665527e+00,-1.045401692390441895e+00,8.898529410362243652e-01,1.113780736923217773e+00
8.534568548202514648e-01,-1.382032871246337891e+00,1.135315060615539551e+00,1.101013779640197754e+00,1.057912111282348633e+00,1.266804218292236328e+00,1.003131508827209473e+00,-1.046503782272338867e+00,8.832531571388244629e-01,1.108777761459350586e+00
8.542268276214599609e-01,-1.378543972969055176e+00,1.130421280860900879e+00,1.095939993858337402e+00,1.052573800086975098e+00,1.262603640556335449e+00,9.974050521850585938e-01,-1.046642184257507324e+00,8.765352368354797363e-01,1.103740215301513672e+00
8.539807796478271484e-01,-1.375031948089599609e+00,1.125503778457641602e+00,1.090838670730590820e+00,1.047199845314025879e+00,1.258350372314453125e+00,9.916211962699890137e-01,-1.046005129814147949e+00,8.697004914283752441e-01,1.098668456077575684e+00
8.528348207473754883e-01,-1.371497392654418945e+00,1.120562076568603516e+00,1.085708975791931152e+00,1.041789412498474121e+00,1.254052042961120605e+00,9.857794642448425293e-01,-1.044744253158569336e+00,8.627491593360900879e-01,1.093562483787536621e+00
8.508918285369873047e-01,-1.367940425872802734e+00,1.115595579147338867e+00,1.080550193786621094e+00,1.036341786384582520e+00,1.249714255332946777e+00,9.798790216445922852e-01,-1.042982101440429688e+00,8.556803464889526367e-01,1.088422298431396484e+00
8.482425212860107422e-01,-1.364360928535461426e+00,1.110603809356689453e+00,1.075361371040344238e+00,1.030855417251586914e+00,1.245342016220092773e+00,9.739189743995666504e-01,-1.040816783905029297e+00,8.484926819801330566e-01,1.083247780799865723e+00
8.449658751487731934e-01,-1.360758662223815918e+00,1.105585932731628418e+00,1.070142149925231934e+00,1.025329709053039551e+00,1.240938663482666016e+00,9.678982496261596680e-01,-1.038326501846313477e+00,8.411837816238403320e-01,1.078038096427917480e+00
8.411304354667663574e-01,-1.357133746147155762e+00,1.100541830062866211e+00,1.064891338348388672e+00,1.019763112068176270e+00,1.236506581306457520e+00,9.618154764175415039e-01,-1.035573482513427734e+00,8.337503671646118164e-01,1.072792649269104004e+00
8.367947936058044434e-01,-1.353485465049743652e+00,1.095470428466796875e+00,1.059608221054077148e+00,1.014154672622680664e+00,1.232047438621520996e+00,9.556691646575927734e-01,-1.032607316970825195e+00,8.261888027191162109e-01,1.067511081695556641e+00
8.320090174674987793e-01,-1.349814057350158691e+00,1.090371012687683105e+00,1.054291486740112305e+00,1.008502960205078125e+00,1.227562427520751953e+00,9.494576454162597656e-01,-1.029468059539794922e+00,8.184951543807983398e-01,1.062191963195800781e+00
8.268156051635742188e-01,-1.346118330955505371e+00,1.085243105888366699e+00,1.048941493034362793e+00,1.002806901931762695e+00,1.223052144050598145e+00,9.431788325309753418e-01,-1.026186943054199219e+00,8.106637597084045410e-01,1.056834936141967773e+00
8.212500810623168945e-01,-1.342398405075073242e+00,1.080085873603820801e+00,1.043556213378906250e+00,9.970650672912597656e-01,1.218517184257507324e+00,9.368309974670410156e-01,-1.022788286209106445e+00,8.026893138885498047e-01,1.051439046859741211e+00
8.153421878814697266e-01,-1.338653087615966797e+00,1.074898362159729004e+00,1.038134932518005371e+00,9.912756085395812988e-01,1.213957786560058594e+00,9.304114580154418945e-01,-1.019292831420898438e+00,7.945651412010192871e-01,1.046002507209777832e+00
8.091168999671936035e-01,-1.334882378578186035e+00,1.069680452346801758e+00,1.032676577568054199e+00,9.854376316070556641e-01,1.209373950958251953e+00,9.239183664321899414e-01,-1.015715718269348145e+00,7.862843275070190430e-01,1.040525197982788086e+00
8.025933504104614258e-01,-1.331084847450256348e+00,1.064430832862854004e+00,1.027180314064025879e+00,9.795489311218261719e-01,1.204764962196350098e+00,9.173483848571777344e-01,-1.012070059776306152e+00,7.778389453887939453e-01,1.035005569458007812e+00
7.957879304885864258e-01,-1.327260017395019531e+00,1.059149026870727539e+00,1.021645188331604004e+00,9.736081957817077637e-01,1.200131297111511230e+00,9.106990694999694824e-01,-1.008365392684936523e+00,7.692209482192993164e-01,1.029442787170410156e+00
7.887128591537475586e-01,-1.323406815528869629e+00,1.053833603858947754e+00,1.016069650650024414e+00,9.676136970520019531e-01,1.195472002029418945e+00,9.039674997329711914e-01,-1.004609704017639160e+00,7.604202628135681152e-01,1.023834943771362305e+00
7.813768982887268066e-01,-1.319524288177490234e+00,1.048484206199645996e+00,1.010452628135681152e+00,9.615635275840759277e-01,1.190787076950073242e+00,8.971499800682067871e-01,-1.000809311866760254e+00,7.514269948005676270e-01,1.018181324005126953e+00
7.737864255905151367e-01,-1.315611004829406738e+00,1.043099403381347656e+00,1.004793405532836914e+00,9.554556608200073242e-01,1.186074972152709961e+00,8.902433514595031738e-01,-9.969689249992370605e-01,7.422298789024353027e-01,1.012480378150939941e+00
7.659451961517333984e-01,-1.311666250228881836e+00,1.037678956985473633e+00,9.990900158882141113e-01,9.492883682250976562e-01,1.181336283683776855e+00,8.832440376281738281e-01,-9.930926561355590820e-01,7.328163385391235352e-01,1.006731271743774414e+00
7.578541636466979980e-01,-1.307688117027282715e+00,1.032221078872680664e+00,9.933413267135620117e-01,9.430590867996215820e-01,1.176569461822509766e+00,8.761474490165710449e-01,-9.891836047172546387e-01,7.231727838516235352e-01,1.000931739807128906e+00
7.495123147964477539e-01,-1.303675413131713867e+00,1.026725172996520996e+00,9.875462651252746582e-01,9.367659687995910645e-01,1.171774506568908691e+00,8.689498305320739746e-01,-9.852440953254699707e-01,7.132844924926757812e-01,9.950809478759765625e-01
7.409164905548095703e-01,-1.299626588821411133e+00,1.021189928054809570e+00,9.817031025886535645e-01,9.304064512252807617e-01,1.166949748992919922e+00,8.616462349891662598e-01,-9.812760353088378906e-01,7.031349539756774902e-01,9.891775846481323242e-01
7.320616245269775391e-01,-1.295539975166320801e+00,1.015614151954650879e+00,9.758104681968688965e-01,9.239782691001892090e-01,1.162094950675964355e+00,8.542320132255554199e-01,-9.772804975509643555e-01,6.927060484886169434e-01,9.832197427749633789e-01
7.229402661323547363e-01,-1.291413545608520508e+00,1.009996891021728516e+00,9.698666334152221680e-01,9.174783825874328613e-01,1.157208919525146484e+00,8.467016220092773438e-01,-9.732588529586791992e-01,6.819781064987182617e-01,9.772061705589294434e-01
7.135432958602905273e-01,-1.287245512008666992e+00,1.004336833953857422e+00,9.638700485229492188e-01,9.109043478965759277e-01,1.152291178703308105e+00,8.390493988990783691e-01,-9.692116379737854004e-01,6.709291338920593262e-01,9.711354970932006836e-01
7.038595080375671387e-01,-1.283033370971679688e+00,9.986324906349182129e-01,9.578189849853515625e-01,9.042530655860900879e-01,1.147340178489685059e+00,8.312693834304809570e-01,-9.651394486427307129e-01,6.595345735549926758e-01,9.650062322616577148e-01
6.938755512237548828e-01,-1.278774857521057129e+00,9.928825497627258301e-01,9.517115950584411621e-01,8.975215554237365723e-01,1.142355322837829590e+00,8.233549594879150391e-01,-9.610423445701599121e-01,6.477676033973693848e-01,9.588171243667602539e-01
6.835756897926330566e-01,-1.274467468261718750e+00,9.870856404304504395e-01,9.455460309982299805e-01,8.907061815261840820e-01,1.137335419654846191e+00,8.152989745140075684e-01,-9.569206237792968750e-01,6.355980634689331055e-01,9.525668025016784668e-01
6.729426980018615723e-01,-1.270109176635742188e+00,9.812388420104980469e-01,9.393200278282165527e-01,8.838049173355102539e-01,1.132281184196472168e+00,8.070943355560302734e-01,-9.527737498283386230e-01,6.229922771453857422e-01,9.462553262710571289e-01
6.619538068771362305e-01,-1.265693664550781250e+00,9.753448367118835449e-01,9.330320358276367188e-01,8.768106698989868164e-01,1.127186655998229980e+00,7.987311482429504395e-01,-9.486027956008911133e-01,6.099136471748352051e-01,9.398791193962097168e-01
6.505880355834960938e-01,-1.261220932006835938e+00,9.693977236747741699e-01,9.266794323921203613e-01,8.697226047515869141e-01,1.122055172920227051e+00,7.902020812034606934e-01,-9.444062113761901855e-01,5.963193774223327637e-01,9.334405064582824707e-01
6.388185620307922363e-01,-1.256686210632324219e+00,9.633983969688415527e-01,9.202584624290466309e-01,8.625348210334777832e-01,1.116883635520935059e+00,7.814973592758178711e-01,-9.401842951774597168e-01,5.821627974510192871e-01,9.269397258758544922e-01
6.266136765480041504e-01,-1.252083539962768555e+00,9.573414921760559082e-01,9.137716293334960938e-01,8.552442193031311035e-01,1.111671328544616699e+00,7.726058363914489746e-01,-9.359362721443176270e-01,5.673894882202148438e-01,9.203747510910034180e-01
6.139405965805053711e-01,-1.247412204742431641e+00,9.512271881103515625e-01,9.072105288505554199e-01,8.478463888168334961e-01,1.106417655944824219e+00,7.635150551795959473e-01,-9.316602945327758789e-01,5.519415140151977539e-01,9.137490391731262207e-01
6.007623672485351562e-01,-1.242663860321044922e+00,9.450541734695434570e-01,9.005771279335021973e-01,8.403339982032775879e-01,1.101121544837951660e+00,7.542146444320678711e-01,-9.273575544357299805e-01,5.357477068901062012e-01,9.070698618888854980e-01
5.870332717895507812e-01,-1.237833023071289062e+00,9.388227462768554688e-01,8.938642740249633789e-01,8.327028751373291016e-01,1.095777988433837891e+00,7.446898818016052246e-01,-9.230280518531799316e-01,5.187342166900634766e-01,9.003382325172424316e-01
5.727067589759826660e-01,-1.232914090156555176e+00,9.325251579284667969e-01,8.870721459388732910e-01,8.249464631080627441e-01,1.090388655662536621e+00,7.349266409873962402e-01,-9.186676144599914551e-01,5.008093118667602539e-01,8.935679197311401367e-01
5.577255487442016602e-01,-1.227899193763732910e+00,9.261631965637207031e-01,8.801957368850708008e-01,8.170593976974487305e-01,1.084951996803283691e+00,7.249075174331665039e-01,-9.142793416976928711e-01,4.818734824657440186e-01,8.867719173431396484e-01
5.420271754264831543e-01,-1.222780942916870117e+00,9.197318553924560547e-01,8.732334375381469727e-01,8.090348839759826660e-01,1.079466104507446289e+00,7.146140933036804199e-01,-9.098599553108215332e-01,4.618097543716430664e-01,8.799703121185302734e-01
5.255393981933593750e-01,-1.217550039291381836e+00,9.132297039031982422e-01,8.661804795265197754e-01,8.008646368980407715e-01,1.073929309844970703e+00,7.040282487869262695e-01,-9.054079651832580566e-01,4.404844343662261963e-01,8.731966018676757812e-01
5.081796646118164062e-01,-1.212196826934814453e+00,9.066532850265502930e-01,8.590339422225952148e-01,7.925426363945007324e-01,1.068340063095092773e+00,6.931266188621520996e-01,-9.009234309196472168e-01,4.177433848381042480e-01,8.664911389350891113e-01
4.898549616336822510e-01,-1.206709384918212891e+00,9.000005722045898438e-01,8.517898917198181152e-01,7.840592265129089355e-01,1.062697052955627441e+00,6.818857789039611816e-01,-8.964049220085144043e-01,3.934081196784973145e-01,8.598993420600891113e-01
4.704566001892089844e-01,-1.201074004173278809e+00,8.932679295539855957e-01,8.444443941116333008e-01,7.754051685333251953e-01,1.056999683380126953e+00,6.702780723571777344e-01,-8.918508887290954590e-01,3.672715425491333008e-01,8.534479737281799316e-01
4.498606920242309570e-01,-1.195275902748107910e+00,8.864521980285644531e-01,8.369926810264587402e-01,7.665711641311645508e-01,1.051246166229248047e+00,6.582742333412170410e-01,-8.872600197792053223e-01,3.390936851501464844e-01,8.471136093139648438e-01
4.279239475727081299e-01,-1.189297556877136230e+00,8.795498013496398926e-01,8.294303417205810547e-01,7.575467228889465332e-01,1.045435428619384766e+00,6.458405852317810059e-01,-8.826307654380798340e-01,3.085964024066925049e-01,8.408173918724060059e-01
4.044810831546783447e-01,-1.183118462562561035e+00,8.725569248199462891e-01,8.217530250549316406e-01,7.483203411102294922e-01,1.039566874504089355e+00,6.329398155212402344e-01,-8.779615163803100586e-01,2.754575908184051514e-01,8.344631791114807129e-01
3.793400526046752930e-01,-1.176713824272155762e+00,8.654696941375732422e-01,8.139553666114807129e-01,7.388800978660583496e-01,1.033636689186096191e+00,6.195292472839355469e-01,-8.732490539550781250e-01,2.393046170473098755e-01,8.279804587364196777e-01
3.522782027721405029e-01,-1.170059680938720703e+00,8.582856059074401855e-01,8.060327768325805664e-01,7.292107939720153809e-01,1.027654290199279785e+00,6.055641770362854004e-01,-8.684938549995422363e-01,1.997102946043014526e-01,8.213364481925964355e-01
3.230385184288024902e-01,-1.163123726844787598e+00,8.509950637817382812e-01,7.979782819747924805e-01,7.192999124526977539e-01,1.021609783172607422e+00,5.909875631332397461e-01,-8.636941313743591309e-01,1.561898589134216309e-01,8.145213127136230469e-01
2.913206517696380615e-01,-1.155867815017700195e+00,8.435966372489929199e-01,7.897883057594299316e-01,7.091302275657653809e-01,1.015506863594055176e+00,5.757415890693664551e-01,-8.588435053825378418e-01,1.082019880414009094e-01,8.075383901596069336e-01
2.567786574363708496e-01,-1.148256897926330566e+00,8.360861539840698242e-01,7.814547419548034668e-01,6.986845731735229492e-01,1.009348392486572266e+00,5.597571730613708496e-01,-8.539417386054992676e-01,5.515746399760246277e-02,8.004009723663330078e-01
2.190139442682266235e-01,-1.140242576599121094e+00,8.284560441970825195e-01,7.729730010032653809e-01,6.879444122314453125e-01,1.003132939338684082e+00,5.429558753967285156e-01,-8.489851951599121094e-01,-3.555437549948692322e-03,7.931216955184936523e-01
1.775711774826049805e-01,-1.131778836250305176e+00,8.207010030746459961e-01,7.643360495567321777e-01,6.768887042999267578e-01,9.968618154525756836e-01,5.252487659454345703e-01,-8.439695835113525391e-01,-6.852691620588302612e-02,7.857155799865722656e-01
1.319376081228256226e-01,-1.122812986373901367e+00,8.128144741058349609e-01,7.555375695228576660e-01,6.654951572418212891e-01,9.905343651771545410e-01,5.065337419509887695e-01,-8.388903737068176270e-01,-1.402460634708404541e-01,7.781962156295776367e-01
8.154633641242980957e-02,-1.113290905952453613e+00,8.047891855239868164e-01,7.465704083442687988e-01,6.537386178970336914e-01,9.841483831405639648e-01,4.866929948329925537e-01,-8.337416648864746094e-01,-2.189819812774658203e-01,7.705729603767395020e-01
2.579440921545028687e-02,-1.103159666061401367e+00,7.966177463531494141e-01,7.374294400215148926e-01,6.415917873382568359e-01,9.776980876922607422e-01,4.655916094779968262e-01,-8.285165429115295410e-01,-3.046094775199890137e-01,7.628505229949951172e-01
-3.592548519372940063e-02,-1.092366933822631836e+00,7.882924675941467285e-01,7.281024456024169922e-01,6.290253996849060059e-01,9.711759090423583984e-01,4.430717527866363525e-01,-8.232064843177795410e-01,-3.964059054851531982e-01,7.550164461135864258e-01
-1.041631177067756653e-01,-1.080866098403930664e+00,7.798029184341430664e-01,7.185862064361572266e-01,6.160054206848144531e-01,9.645630121231079102e-01,4.189538955688476562e-01,-8.178020119667053223e-01,-4.928487241268157959e-01,7.470545172691345215e-01
-1.793151348829269409e-01,-1.068617463111877441e+00,7.711415290832519531e-01,7.088707685470581055e-01,6.024937033653259277e-01,9.578404426574707031e-01,3.930244147777557373e-01,-8.122891187667846680e-01,-5.915203690528869629e-01,7.389247417449951172e-01
-2.614744007587432861e-01,-1.055584192276000977e+00,7.622966766357421875e-01,6.989454627037048340e-01,5.884466767311096191e-01,9.509782791137695312e-01,3.650371730327606201e-01,-8.066558837890625000e-01,-6.891980171203613281e-01,7.305706143379211426e-01
-3.502424061298370361e-01,-1.041736960411071777e+00,7.532575726509094238e-01,6.887977123260498047e-01,5.738139152526855469e-01,9.439430236816406250e-01,3.347032964229583740e-01,-8.008866906166076660e-01,-7.822420597076416016e-01,7.219199538230895996e-01
-4.445174336433410645e-01,-1.027052402496337891e+00,7.440121173858642578e-01,6.784117817878723145e-01,5.585362911224365234e-01,9.366996288299560547e-01,3.016842901706695557e-01,-7.949658632278442383e-01,-8.672012686729431152e-01,7.128901481628417969e-01
-5.423341989517211914e-01,-1.011508345603942871e+00,7.345460653305053711e-01,6.677674651145935059e-01,5.425413846969604492e-01,9.292122125625610352e-01,2.655831873416900635e-01,-7.888780832290649414e-01,-9.414560794830322266e-01,7.033915519714355469e-01
-6.408465504646301270e-01,-9.950816035270690918e-01,7.248465418815612793e-01,6.568390727043151855e-01,5.257489681243896484e-01,9.214552044868469238e-01,2.259358018636703491e-01,-7.826097011566162109e-01,-1.003629922866821289e+00,6.933385729789733887e-01
-7.365638017654418945e-01,-9.777470827102661133e-01,7.148977518081665039e-01,6.455972194671630859e-01,5.080570578575134277e-01,9.133977890014648438e-01,1.822052150964736938e-01,-7.761539220809936523e-01,-1.053640484809875488e+00,6.826399564743041992e-01
-8.258648514747619629e-01,-9.594646096229553223e-01,7.046807408332824707e-01,6.340052485466003418e-01,4.893506765365600586e-01,9.050171375274658203e-01,1.337753981351852417e-01,-7.695066332817077637e-01,-1.092421412467956543e+00,6.712104678153991699e-01
-9.056506752967834473e-01,-9.401815533638000488e-01,6.941779255867004395e-01,6.220272779464721680e-01,4.694982171058654785e-01,8.962877392768859863e-01,7.995464652776718140e-02,-7.626750469207763672e-01,-1.121510624885559082e+00,6.589672565460205078e-01
-9.738954305648803711e-01,-9.198206663131713867e-01,6.833664178848266602e-01,6.096191406250000000e-01,4.483458101749420166e-01,8.871865868568420410e-01,1.999750733375549316e-02,-7.556695938110351562e-01,-1.142653584480285645e+00,6.458246111869812012e-01
-1.029888272285461426e+00,-8.982794284820556641e-01,6.722249388694763184e-01,5.967383980751037598e-01,4.257196485996246338e-01,8.776822686195373535e-01,-4.685441777110099792e-02,-7.485059499740600586e-01,-1.157525300979614258e+00,6.316944956779479980e-01
-1.074100136756896973e+00,-8.754258751869201660e-01,6.607270240783691406e-01,5.833389759063720703e-01,4.014194607734680176e-01,8.677405714988708496e-01,-1.212883442640304565e-01,-7.411993145942687988e-01,-1.167587876319885254e+00,6.164845228195190430e-01
-1.107818841934204102e+00,-8.510990142822265625e-01,6.488435864448547363e-01,5.693716406822204590e-01,3.752140998840332031e-01,8.573225140571594238e-01,-2.037851661443710327e-01,-7.337616682052612305e-01,-1.174036741256713867e+00,6.000881195068359375e-01
-1.132723212242126465e+00,-8.251034617424011230e-01,6.365427374839782715e-01,5.547837018966674805e-01,3.468372821807861328e-01,8.463845252990722656e-01,-2.944089174270629883e-01,-7.261995673179626465e-01,-1.177808642387390137e+00,5.823866128921508789e-01
-1.150547027587890625e+00,-7.972064614295959473e-01,6.237887740135192871e-01,5.395162701606750488e-01,3.159791231155395508e-01,8.348806500434875488e-01,-3.925392329692840576e-01,-7.185140848159790039e-01,-1.179617643356323242e+00,5.632399320602416992e-01
-1.162867903709411621e+00,-7.671266198158264160e-01,6.105413436889648438e-01,5.235028266906738281e-01,2.822796404361724854e-01,8.227624893188476562e-01,-4.965844154357910156e-01,-7.107015848159790039e-01,-1.179996609687805176e+00,5.424820780754089355e-01
-1.171014904975891113e+00,-7.345183491706848145e-01,5.967547893524169922e-01,5.066654682159423828e-01,2.453197538852691650e-01,8.099783658981323242e-01,-6.037986278533935547e-01,-7.027558088302612305e-01,-1.179338574409484863e+00,5.199127197265625000e-01
-1.176050305366516113e+00,-6.989525556564331055e-01,5.823779702186584473e-01,4.889129102230072021e-01,2.046156376600265503e-01,7.964727282524108887e-01,-7.103521823883056641e-01,-6.946698427200317383e-01,-1.177930712699890137e+00,4.952892959117889404e-01
-1.178794384002685547e+00,-6.598896384239196777e-01,5.673525929450988770e-01,4.701369106769561768e-01,1.596124172210693359e-01,7.821833491325378418e-01,-8.118065595626831055e-01,-6.864376068115234375e-01,-1.175981998443603516e+00,4.683144688606262207e-01
-1.179865479469299316e+00,-6.166445612907409668e-01,5.516125559806823730e-01,4.502094388008117676e-01,1.096848100423812866e-01,7.670382261276245117e-01,-9.039298295974731445e-01,-6.780546903610229492e-01,-1.173644542694091797e+00,4.386230409145355225e-01
-1.179723143577575684e+00,-5.683386921882629395e-01,5.350817441940307617e-01,4.289794266223907471e-01,5.414429679512977600e-02,7.509512305259704590e-01,-9.835756421089172363e-01,-6.695178747177124023e-01,-1.171028256416320801e+00,4.057636260986328125e-01
-1.178708195686340332e+00,-5.138421654701232910e-01,5.176740288734436035e-01,4.062717556953430176e-01,-7.731406949460506439e-03,7.338181138038635254e-01,-1.049223184585571289e+00,-6.608247160911560059e-01,-1.168212175369262695e+00,3.691798448562622070e-01
-1.177053928375244141e+00,-4.516836404800415039e-01,4.992854595184326172e-01,3.818821907043457031e-01,-7.664526253938674927e-02,7.155103683471679688e-01,-1.101006984710693359e+00,-6.519735455513000488e-01,-1.165259838104248047e+00,3.281880915164947510e-01
-1.174960613250732422e+00,-3.799647092819213867e-01,4.798054099082946777e-01,3.555743694305419922e-01,-1.531831026077270508e-01,6.958719491958618164e-01,-1.140264987945556641e+00,-6.429564356803894043e-01,-1.162212014198303223e+00,2.819448113441467285e-01
-1.172547817230224609e+00,-2.962140738964080811e-01,4.590941071510314941e-01,3.270770609378814697e-01,-2.376590818166732788e-01,6.747051477432250977e-01,-1.168996810913085938e+00,-6.337686181068420410e-01,-1.159103393554687500e+00,2.294228672981262207e-01
-1.169916868209838867e+00,-1.972783952951431274e-01,4.369944930076599121e-01,2.960726320743560791e-01,-3.298919796943664551e-01,6.517688035964965820e-01,-1.189334392547607422e+00,-6.243999600410461426e-01,-1.155961632728576660e+00,1.693793982267379761e-01
-1.167141795158386230e+00,-7.926367223262786865e-02,4.133208096027374268e-01,2.621914744377136230e-01,-4.289393126964569092e-01,6.267638802528381348e-01,-1.203237533569335938e+00,-6.148397326469421387e-01,-1.152809977531433105e+00,1.003386080265045166e-01
-1.164279937744140625e+00,6.226110458374023438e-02,3.878546655178070068e-01,2.250028997659683228e-01,-5.328480005264282227e-01,5.993192195892333984e-01,-1.212347984313964844e+00,-6.050766110420227051e-01,-1.149668574333190918e+00,2.060843631625175476e-02
-1.161376714706420898e+00,2.314192503690719604e-01,3.603386878967285156e-01,1.840054988861083984e-01,-6.385582089424133301e-01,5.689711570739746094e-01,-1.217963576316833496e+00,-5.950984954833984375e-01,-1.146556973457336426e+00,-7.163130491971969604e-02
-1.158468604087829590e+00,4.298850893974304199e-01,3.304723203182220459e-01,1.386252790689468384e-01,-7.420999407768249512e-01,5.351403951644897461e-01,-1.221068620681762695e+00,-5.848935842514038086e-01,-1.143492698669433594e+00,-1.780844777822494507e-01
-1.155580043792724609e+00,6.530699729919433594e-01,2.979088723659515381e-01,8.821880072355270386e-02,-8.391718268394470215e-01,4.971016943454742432e-01,-1.222387909889221191e+00,-5.744451880455017090e-01,-1.140486121177673340e+00,-2.998526692390441895e-01
-1.152722716331481934e+00,8.861231803894042969e-01,2.622568607330322266e-01,3.209628537297248840e-02,-9.259642362594604492e-01,4.539534151554107666e-01,-1.222440361976623535e+00,-5.637259483337402344e-01,-1.137541055679321289e+00,-4.366102218627929688e-01
-1.149887204170227051e+00,1.104814052581787109e+00,2.230836153030395508e-01,-3.043675236403942108e-02,-9.999125599861145020e-01,4.045816957950592041e-01,-1.221578121185302734e+00,-5.526887178421020508e-01,-1.134637594223022461e+00,-5.855306982994079590e-01
-1.147042512893676758e+00,1.285343885421752930e+00,1.799200773239135742e-01,-1.000040918588638306e-01,-1.060053825378417969e+00,3.476184308528900146e-01,-1.220033526420593262e+00,-5.412619113922119141e-01,-1.131739497184753418e+00,-7.404014468193054199e-01
-1.144153833389282227e+00,1.416518449783325195e+00,1.322537660598754883e-01,-1.770574450492858887e-01,-1.106895804405212402e+00,2.813682556152343750e-01,-1.217959403991699219e+00,-5.293563604354858398e-01,-1.128810048103332520e+00,-8.918748497962951660e-01
-1.141189455986022949e+00,1.502124071121215820e+00,7.952218502759933472e-02,-2.617239356040954590e-01,-1.141963481903076172e+00,2.037412077188491821e-01,-1.215458869934082031e+00,-5.168842673301696777e-01,-1.125815510749816895e+00,-1.029489874839782715e+00
-1.138134360313415527e+00,1.553729414939880371e+00,2.112071029841899872e-02,-3.536040484905242920e-01,-1.167265295982360840e+00,1.121876165270805359e-01,-1.212623476982116699e+00,-5.037656426429748535e-01,-1.122733950614929199e+00,-1.144905924797058105e+00
-1.134987115859985352e+00,1.583118796348571777e+00,-4.355989769101142883e-02,-4.515239894390106201e-01,-1.184849500656127930e+00,3.719950560480356216e-03,-1.209526300430297852e+00,-4.899303913116455078e-01,-1.119563221931457520e+00,-1.234411835670471191e+00
-1.131754994392395020e+00,1.599082708358764648e+00,-1.150620132684707642e-01,-5.533428192138671875e-01,-1.196553349494934082e+00,-1.248754411935806274e-01,-1.206233382225036621e+00,-4.753131270408630371e-01,-1.116308450698852539e+00,-1.299170494079589844e+00
-1.128450036048889160e+00,1.607259392738342285e+00,-1.937415450811386108e-01,-6.559222340583801270e-01,-1.203894257545471191e+00,-2.762786448001861572e-01,-1.202800512313842773e+00,-4.598452746868133545e-01,-1.112982034683227539e+00,-1.343429803848266602e+00
-1.125079631805419922e+00,1.610994338989257812e+00,-2.796021699905395508e-01,-7.554062008857727051e-01,-1.208058953285217285e+00,-4.509483277797698975e-01,-1.199268698692321777e+00,-4.434503912925720215e-01,-1.109591841697692871e+00,-1.372334003448486328e+00
-1.121665120124816895e+00,1.612206697463989258e+00,-3.720729053020477295e-01,-8.478093743324279785e-01,-1.209947109222412109e+00,-6.445010900497436523e-01,-1.195679426193237305e+00,-4.260343015193939209e-01,-1.106152653694152832e+00,-1.390516519546508789e+00
-1.118206858634948730e+00,1.611956715583801270e+00,-4.697909057140350342e-01,-9.297837018966674805e-01,-1.210213899612426758e+00,-8.454815149307250977e-01,-1.192059040069580078e+00,-4.074879288673400879e-01,-1.102669715881347656e+00,-1.401581287384033203e+00
-1.114713788032531738e+00,1.610838770866394043e+00,-5.704489350318908691e-01,-9.992420077323913574e-01,-1.209342360496520996e+00,-1.036297559738159180e+00,-1.188428282737731934e+00,-3.876782357692718506e-01,-1.099153280258178711e+00,-1.408074498176574707e+00
-1.111194610595703125e+00,1.609173059463500977e+00,-6.708452105522155762e-01,-1.055581569671630859e+00,-1.207668185234069824e+00,-1.199259757995605469e+00,-1.184806942939758301e+00,-3.664484918117523193e-01,-1.095606327056884766e+00,-1.411638498306274414e+00
-1.107652068138122559e+00,1.607145071029663086e+00,-7.672155499458312988e-01,-1.099504351615905762e+00,-1.205444097518920898e+00,-1.324353218078613281e+00,-1.181199789047241211e+00,-3.436107039451599121e-01,-1.092035412788391113e+00,-1.413277268409729004e+00
-1.104090213775634766e+00,1.604856848716735840e+00,-8.558527827262878418e-01,-1.132533431053161621e+00,-1.202834010124206543e+00,-1.411952853202819824e+00,-1.177615046501159668e+00,-3.189496397972106934e-01,-1.088443279266357422e+00,-1.413628935813903809e+00
-1.100510597229003906e+00,1.602384209632873535e+00,-9.338051080703735352e-01,-1.156558990478515625e+00,-1.199959993362426758e+00,-1.469047784805297852e+00,-1.174059391021728516e+00,-2.922130227088928223e-01,-1.084834218025207520e+00,-1.413179874420166016e+00
-1.096916317939758301e+00,1.599773526191711426e+00,-9.993915557861328125e-01,-1.173465132713317871e+00,-1.196903824806213379e+00,-1.504243373870849609e+00,-1.170529603958129883e+00,-2.631037235260009766e-01,-1.081208467483520508e+00,-1.412290930747985840e+00
-1.093309044837951660e+00,1.597057938575744629e+00,-1.052319288253784180e+00,-1.184918284416198730e+00,-1.193721175193786621e+00,-1.525099873542785645e+00,-1.167025089263916016e+00,-2.312783151865005493e-01,-1.077567338943481445e+00,-1.411176919937133789e+00
-1.089688897132873535e+00,1.594255208969116211e+00,-1.093434214591979980e+00,-1.192292809486389160e+00,-1.190453529357910156e+00,-1.537122011184692383e+00,-1.163545489311218262e+00,-1.963383853435516357e-01,-1.073914885520935059e+00,-1.409898161888122559e+00
-1.086058020591735840e+00,1.591364979743957520e+00,-1.124291658401489258e+00,-1.196663022041320801e+00,-1.187124133110046387e+00,-1.543820500373840332e+00,-1.160087227821350098e+00,-1.578245759010314941e-01,-1.070249080657958984e+00,-1.408453822135925293e+00
-1.082415342330932617e+00,1.588390231132507324e+00,-1.146711826324462891e+00,-1.198845505714416504e+00,-1.183750987052917480e+00,-1.547252416610717773e+00,-1.156645655632019043e+00,-1.152136623859405518e-01,-1.066571831703186035e+00,-1.406899094581604004e+00
-1.078762888908386230e+00,1.585341572761535645e+00,-1.162471652030944824e+00,-1.199447512626647949e+00,-1.180346488952636719e+00,-1.548570513725280762e+00,-1.153224825859069824e+00,-6.792274117469787598e-02,-1.062882184982299805e+00,-1.405351877212524414e+00
-1.075100302696228027e+00,1.582240700721740723e+00,-1.173127770423889160e+00,-1.198911666870117188e+00,-1.176919698715209961e+00,-1.548500061035156250e+00,-1.149819135665893555e+00,-1.531817764043807983e-02,-1.059182167053222656e+00,-1.403956532478332520e+00
-1.071427345275878906e+00,1.579106211662292480e+00,-1.179956436157226562e+00,-1.197555422782897949e+00,-1.173471808433532715e+00,-1.547570347785949707e+00,-1.146429657936096191e+00,4.325553402304649353e-02,-1.055470943450927734e+00,-1.402823209762573242e+00
-1.067744135856628418e+00,1.575935006141662598e+00,-1.183959007263183594e+00,-1.195612430572509766e+00,-1.170009970664978027e+00,-1.546196818351745605e+00,-1.143057823181152344e+00,1.084235683083534241e-01,-1.051749229431152344e+00,-1.401933193206787109e+00
-1.064052343368530273e+00,1.572698950767517090e+00,-1.185894846916198730e+00,-1.193249702453613281e+00,-1.166536450386047363e+00,-1.544701814651489258e+00,-1.139701128005981445e+00,1.806880235671997070e-01,-1.048016548156738281e+00,-1.401062965393066406e+00
-1.060349941253662109e+00,1.569359898567199707e+00,-1.186329483985900879e+00,-1.190581440925598145e+00,-1.163051366806030273e+00,-1.543358802795410156e+00,-1.136363267898559570e+00,2.602941095829010010e-01,-1.044273138046264648e+00,-1.399889707565307617e+00
-1.056637525558471680e+00,1.565895676612854004e+00,-1.185678362846374512e+00,-1.187692761421203613e+00,-1.159556388854980469e+00,-1.542339682579040527e+00,-1.133044838905334473e+00,3.470292687416076660e-01,-1.040517926216125488e+00,-1.398242831230163574e+00
-1.052914738655090332e+00,1.562309861183166504e+00,-1.184242606163024902e+00,-1.184646725654602051e+00,-1.156053304672241211e+00,-1.541470885276794434e+00,-1.129744410514831543e+00,4.400015175342559814e-01,-1.036753296852111816e+00,-1.396143436431884766e+00
-1.049181818962097168e+00,1.558620214462280273e+00,-1.182240366935729980e+00,-1.181483864784240723e+00,-1.152542591094970703e+00,-1.540465235710144043e+00,-1.126464724540710449e+00,5.374387502670288086e-01,-1.032976984977722168e+00,-1.393690466880798340e+00
-1.045437335968017578e+00,1.554851651191711426e+00,-1.179828166961669922e+00,-1.178236246109008789e+00,-1.149024844169616699e+00,-1.539218783378601074e+00,-1.123202204704284668e+00,6.366105079650878906e-01,-1.029188394546508789e+00,-1.390983343124389648e+00
-1.041684269905090332e+00,1.551025986671447754e+00,-1.177120923995971680e+00,-1.174925327301025391e+00,-1.145501255989074707e+00,-1.537586569786071777e+00,-1.119951725006103516e+00,7.340002655982971191e-01,-1.025389671325683594e+00,-1.388094544410705566e+00
-1.037919878959655762e+00,1.547162771224975586e+00,-1.174197435379028320e+00,-1.171567201614379883e+00,-1.141971230506896973e+00,-1.535495758056640625e+00,-1.116706371307373047e+00,8.257795572280883789e-01,-1.021579623222351074e+00,-1.385078072547912598e+00
-1.034144043922424316e+00,1.543277859687805176e+00,-1.171117186546325684e+00,-1.168174386024475098e+00,-1.138436675071716309e+00,-1.533033013343811035e+00,-1.113461017608642578e+00,9.084954261779785156e-01,-1.017755866050720215e+00,-1.381971478462219238e+00
-1.030357003211975098e+00,1.539383172988891602e+00,-1.167921662330627441e+00,-1.164753675460815430e+00,-1.134897351264953613e+00,-1.530317187309265137e+00,-1.110203862190246582e+00,9.797194004058837891e-01,-1.013921618461608887e+00,-1.378792643547058105e+00
-1.026559710502624512e+00,1.535488605499267578e+00,-1.164640545845031738e+00,-1.161311268806457520e+00,-1.131352066993713379e+00,-1.527442455291748047e+00,-1.106927394866943359e+00,1.038388848304748535e+00,-1.010073900222778320e+00,-1.375558376312255859e+00
-1.022750496864318848e+00,1.531599879264831543e+00,-1.161296248435974121e+00,-1.157851338386535645e+00,-1.127802729606628418e+00,-1.524471282958984375e+00,-1.103624701499938965e+00,1.084752082824707031e+00,-1.006214380264282227e+00,-1.372281551361083984e+00
-1.018929839134216309e+00,1.527721285820007324e+00,-1.157904028892517090e+00,-1.154377102851867676e+00,-1.124248504638671875e+00,-1.521443963050842285e+00,-1.100290894508361816e+00,1.120009779930114746e+00,-1.002342462539672852e+00,-1.368975281715393066e+00
-1.015097737312316895e+00,1.523853778839111328e+00,-1.154475212097167969e+00,-1.150890827178955078e+00,-1.120690703392028809e+00,-1.518387198448181152e+00,-1.096921563148498535e+00,1.145858287811279297e+00,-9.984580278396606445e-01,-1.365650653839111328e+00
-1.011253356933593750e+00,1.519997358322143555e+00,-1.151017904281616211e+00,-1.147393345832824707e+00,-1.117124676704406738e+00,-1.515327572822570801e+00,-1.093520522117614746e+00,1.164106488227844238e+00,-9.945599436759948730e-01,-1.362320303916931152e+00
-1.007398962974548340e+00,1.516151428222656250e+00,-1.147537827491760254e+00,-1.143884420394897461e+00,-1.113554120063781738e+00,-1.512276053428649902e+00,-1.090085625648498535e+00,1.176427245140075684e+00,-9.906485080718994141e-01,-1.358994960784912109e+00
-1.003528356552124023e+00,1.512314915657043457e+00,-1.144040822982788086e+00,-1.140371680259704590e+00,-1.109978079795837402e+00,-1.509248614311218262e+00,-1.086615085601806641e+00,1.184241652488708496e+00,-9.867244362831115723e-01,-1.355688452720642090e+00
-9.996468424797058105e-01,1.508486270904541016e+00,-1.140527486801147461e+00,-1.136847734451293945e+00,-1.106395125389099121e+00,-1.506251811981201172e+00,-1.083117127418518066e+00,1.188689351081848145e+00,-9.827857017517089844e-01,-1.352405428886413574e+00
-9.957528710365295410e-01,1.504666924476623535e+00,-1.137001156806945801e+00,-1.133317112922668457e+00,-1.102804303169250488e+00,-1.503291010856628418e+00,-1.079590916633605957e+00,1.190653204917907715e+00,-9.788345694541931152e-01,-1.349155068397521973e+00
-9.918453097343444824e-01,1.500857591629028320e+00,-1.133466839790344238e+00,-1.129775881767272949e+00,-1.099207162857055664e+00,-1.500367403030395508e+00,-1.076039314270019531e+00,1.190793871879577637e+00,-9.748671054840087891e-01,-1.345940113067626953e+00
-9.879246950149536133e-01,1.497053384780883789e+00,-1.129916310310363770e+00,-1.126228690147399902e+00,-1.095603823661804199e+00,-1.497486233711242676e+00,-1.072464108467102051e+00,1.189605355262756348e+00,-9.708840250968933105e-01,-1.342762947082519531e+00
-9.839903116226196289e-01,1.493267655372619629e+00,-1.126361250877380371e+00,-1.122677206993103027e+00,-1.091988801956176758e+00,-1.494651675224304199e+00,-1.068868279457092285e+00,1.187454462051391602e+00,-9.668888449668884277e-01,-1.339637041091918945e+00
-9.800428152084350586e-01,1.489499092102050781e+00,-1.122793436050415039e+00,-1.119116544723510742e+00,-1.088366270065307617e+00,-1.491877675056457520e+00,-1.065253138542175293e+00,1.184593319892883301e+00,-9.628760218620300293e-01,-1.336576342582702637e+00
-9.760796427726745605e-01,1.485757112503051758e+00,-1.119222164154052734e+00,-1.115546822547912598e+00,-1.084735035896301270e+00,-1.489197373390197754e+00,-1.061619400978088379e+00,1.181215763092041016e+00,-9.588496088981628418e-01,-1.333617091178894043e+00
-9.721017479896545410e-01,1.482048273086547852e+00,-1.115639448165893555e+00,-1.111971497535705566e+00,-1.081095218658447266e+00,-1.486657500267028809e+00,-1.057968378067016602e+00,1.177458047866821289e+00,-9.548060894012451172e-01,-1.330823659896850586e+00
-9.681107401847839355e-01,1.478380441665649414e+00,-1.112050771713256836e+00,-1.108387827873229980e+00,-1.077444791793823242e+00,-1.484362125396728516e+00,-1.054302096366882324e+00,1.173417925834655762e+00,-9.507465362548828125e-01,-1.328322768211364746e+00
-9.641038775444030762e-01,1.474759936332702637e+00,-1.108453035354614258e+00,-1.104796886444091797e+00,-1.073784708976745605e+00,-1.482438921928405762e+00,-1.050618767738342285e+00,1.169169545173645020e+00,-9.466701149940490723e-01,-1.326281428337097168e+00
-9.600815773010253906e-01,1.471182584762573242e+00,-1.104847669601440430e+00,-1.101196050643920898e+00,-1.070113778114318848e+00,-1.480797290802001953e+00,-1.046917796134948730e+00,1.164766907691955566e+00,-9.425755143165588379e-01,-1.324657440185546875e+00
-9.560434818267822266e-01,1.467628836631774902e+00,-1.101234793663024902e+00,-1.097590327262878418e+00,-1.066430926322937012e+00,-1.479027271270751953e+00,-1.043202161788940430e+00,1.160243630409240723e+00,-9.384661912918090820e-01,-1.323064565658569336e+00
-9.519886970520019531e-01,1.464064002037048340e+00,-1.097614049911499023e+00,-1.093975067138671875e+00,-1.062736392021179199e+00,-1.476907491683959961e+00,-1.039469003677368164e+00,1.155632615089416504e+00,-9.343367815017700195e-01,-1.321281552314758301e+00
-9.479172825813293457e-01,1.460447430610656738e+00,-1.093985080718994141e+00,-1.090353727340698242e+00,-1.059033036231994629e+00,-1.474484086036682129e+00,-1.035720586776733398e+00,1.150951981544494629e+00,-9.301908612251281738e-01,-1.319330573081970215e+00
-9.438294172286987305e-01,1.456749200820922852e+00,-1.090348124504089355e+00,-1.086719632148742676e+00,-1.055312633514404297e+00,-1.471853017807006836e+00,-1.031958937644958496e+00,1.146211743354797363e+00,-9.260236620903015137e-01,-1.317242622375488281e+00
-9.397237300872802734e-01,1.452955961227416992e+00,-1.086702108383178711e+00,-1.083081245422363281e+00,-1.051582455635070801e+00,-1.469090342521667480e+00,-1.028183102607727051e+00,1.141428470611572266e+00,-9.218379855155944824e-01,-1.314991474151611328e+00
-9.355990290641784668e-01,1.449062705039978027e+00,-1.083051562309265137e+00,-1.079435110092163086e+00,-1.047845005989074707e+00,-1.466241717338562012e+00,-1.024392008781433105e+00,1.136608004570007324e+00,-9.176337718963623047e-01,-1.312553048133850098e+00
-9.314579963684082031e-01,1.445076584815979004e+00,-1.079386472702026367e+00,-1.075776815414428711e+00,-1.044095158576965332e+00,-1.463343739509582520e+00,-1.020589113235473633e+00,1.131759047508239746e+00,-9.134064912796020508e-01,-1.309936523437500000e+00
-9.272966384887695312e-01,1.440994620323181152e+00,-1.075715065002441406e+00,-1.072112202644348145e+00,-1.040334224700927734e+00,-1.460415482521057129e+00,-1.016771674156188965e+00,1.126887321472167969e+00,-9.091593027114868164e-01,-1.307186365127563477e+00
-9.231155514717102051e-01,1.436807274818420410e+00,-1.072034835815429688e+00,-1.068439006805419922e+00,-1.036561727523803711e+00,-1.457484602928161621e+00,-1.012940287590026855e+00,1.121999263763427734e+00,-9.048904180526733398e-01,-1.304360866546630859e+00
-9.189150333404541016e-01,1.432491540908813477e+00,-1.068345069885253906e+00,-1.064756274223327637e+00,-1.032778859138488770e+00,-1.454591274261474609e+00,-1.009095549583435059e+00,1.117097020149230957e+00,-9.005991220474243164e-01,-1.301528573036193848e+00
-9.146934747695922852e-01,1.427996993064880371e+00,-1.064646363258361816e+00,-1.061064243316650391e+00,-1.028984069824218750e+00,-1.451791167259216309e+00,-1.005236983299255371e+00,1.112188935279846191e+00,-8.962845802307128906e-01,-1.298768401145935059e+00
-9.104513525962829590e-01,1.423256397247314453e+00,-1.060936808586120605e+00,-1.057363033294677734e+00,-1.025177717208862305e+00,-1.449161529541015625e+00,-1.001364111900329590e+00,1.107281088829040527e+00,-8.919466137886047363e-01,-1.296174645423889160e+00
-9.061849713325500488e-01,1.418242454528808594e+00,-1.057217597961425781e+00,-1.053650259971618652e+00,-1.021357417106628418e+00,-1.446733593940734863e+00,-9.974792599678039551e-01,1.102382898330688477e+00,-8.875829577445983887e-01,-1.293790817260742188e+00
-9.018976688385009766e-01,1.413087606430053711e+00,-1.053486824035644531e+00,-1.049928784370422363e+00,-1.017528295516967773e+00,-1.444380044937133789e+00,-9.935787320137023926e-01,1.097506642341613770e+00,-8.831971883773803711e-01,-1.291482210159301758e+00
-8.975872993469238281e-01,1.408031105995178223e+00,-1.049749493598937988e+00,-1.046197175979614258e+00,-1.013682603836059570e+00,-1.441876292228698730e+00,-9.896619319915771484e-01,1.092663884162902832e+00,-8.787825107574462891e-01,-1.288995862007141113e+00
-8.932526707649230957e-01,1.403188109397888184e+00,-1.045999169349670410e+00,-1.042455434799194336e+00,-1.009826540946960449e+00,-1.439118862152099609e+00,-9.857313632965087891e-01,1.087870359420776367e+00,-8.743423819541931152e-01,-1.286190509796142578e+00
-8.888949751853942871e-01,1.398544788360595703e+00,-1.042239665985107422e+00,-1.038701415061950684e+00,-1.005957365036010742e+00,-1.436126708984375000e+00,-9.817855954170227051e-01,1.083140611648559570e+00,-8.698754310607910156e-01,-1.283057689666748047e+00
-8.845125436782836914e-01,1.394043564796447754e+00,-1.038469552993774414e+00,-1.034937977790832520e+00,-1.002076625823974609e+00,-1.432958126068115234e+00,-9.778252243995666504e-01,1.078484296798706055e+00,-8.653811216354370117e-01,-1.279638051986694336e+00
-8.801052570343017578e-01,1.389633655548095703e+00,-1.034688830375671387e+00,-1.031164050102233887e+00,-9.981840848922729492e-01,-1.429664015769958496e+00,-9.738500714302062988e-01,1.073896050453186035e+00,-8.608585596084594727e-01,-1.275983095169067383e+00
-8.756725192070007324e-01,1.385277032852172852e+00,-1.030897736549377441e+00,-1.027379512786865234e+00,-9.942800402641296387e-01,-1.426287889480590820e+00,-9.698601365089416504e-01,1.069349169731140137e+00,-8.563073277473449707e-01,-1.272143721580505371e+00
-8.712133169174194336e-01,1.380948543548583984e+00,-1.027096033096313477e+00,-1.023584604263305664e+00,-9.903646707534790039e-01,-1.422864675521850586e+00,-9.658560752868652344e-01,1.064800381660461426e+00,-8.517268300056457520e-01,-1.268172383308410645e+00
-8.667277097702026367e-01,1.376629233360290527e+00,-1.023283243179321289e+00,-1.019778966903686523e+00,-9.864377975463867188e-01,-1.419415831565856934e+00,-9.618371725082397461e-01,1.060203552246093750e+00,-8.471150994300842285e-01,-1.264114975929260254e+00
-8.622138500213623047e-01,1.372312307357788086e+00,-1.019459128379821777e+00,-1.015962243080139160e+00,-9.824993610382080078e-01,-1.415961503982543945e+00,-9.578046798706054688e-01,1.055531740188598633e+00,-8.424718976020812988e-01,-1.260018825531005859e+00
-8.576714992523193359e-01,1.367987871170043945e+00,-1.015623450279235840e+00,-1.012134194374084473e+00,-9.785489439964294434e-01,-1.412488222122192383e+00,-9.537569880485534668e-01,1.050772190093994141e+00,-8.377962112426757812e-01,-1.255916357040405273e+00
-8.530994653701782227e-01,1.363652944564819336e+00,-1.011776208877563477e+00,-1.008293986320495605e+00,-9.745858907699584961e-01,-1.408983230590820312e+00,-9.496933817863464355e-01,1.045933365821838379e+00,-8.330872654914855957e-01,-1.251835823059082031e+00
-8.484975099563598633e-01,1.359303593635559082e+00,-1.007915854454040527e+00,-1.004442930221557617e+00,-9.706097841262817383e-01,-1.405425786972045898e+00,-9.456147551536560059e-01,1.041030406951904297e+00,-8.283443450927734375e-01,-1.247798085212707520e+00
-8.438638448715209961e-01,1.354938387870788574e+00,-1.004044651985168457e+00,-1.000576734542846680e+00,-9.666190743446350098e-01,-1.401793479919433594e+00,-9.415170550346374512e-01,1.036088943481445312e+00,-8.235638141632080078e-01,-1.243821501731872559e+00
-8.391978740692138672e-01,1.350554823875427246e+00,-1.000161051750183105e+00,-9.966980814933776855e-01,-9.626159667968750000e-01,-1.398067831993103027e+00,-9.374046325683593750e-01,1.031132340431213379e+00,-8.187471628189086914e-01,-1.239919424057006836e+00
-8.344988822937011719e-01,1.346152901649475098e+00,-9.962630867958068848e-01,-9.928074479103088379e-01,-9.585995078086853027e-01,-1.394247651100158691e+00,-9.332755208015441895e-01,1.026180028915405273e+00,-8.138923645019531250e-01,-1.236100673675537109e+00
-8.297651410102844238e-01,1.341730356216430664e+00,-9.923525452613830566e-01,-9.889029860496520996e-01,-9.545708298683166504e-01,-1.390362143516540527e+00,-9.291316270828247070e-01,1.021245718002319336e+00,-8.089979290962219238e-01,-1.232370734214782715e+00
-8.249951004981994629e-01,1.337286829948425293e+00,-9.884282350540161133e-01,-9.849848151206970215e-01,-9.505308270454406738e-01,-1.386472463607788086e+00,-9.249730706214904785e-01,1.016320943832397461e+00,-8.040624260902404785e-01,-1.228728652000427246e+00
-8.201900124549865723e-01,1.332822561264038086e+00,-9.844908714294433594e-01,-9.810539484024047852e-01,-9.464799761772155762e-01,-1.382649064064025879e+00,-9.208012223243713379e-01,1.011376380920410156e+00,-7.990849018096923828e-01,-1.225168704986572266e+00
-8.153458833694458008e-01,1.328337311744689941e+00,-9.805390834808349609e-01,-9.771082997322082520e-01,-9.424192309379577637e-01,-1.378951311111450195e+00,-9.166153073310852051e-01,1.006366372108459473e+00,-7.940633296966552734e-01,-1.221681833267211914e+00
-8.104630708694458008e-01,1.323830962181091309e+00,-9.765728712081909180e-01,-9.731491804122924805e-01,-9.383479952812194824e-01,-1.375401496887207031e+00,-9.124162793159484863e-01,1.001246929168701172e+00,-7.889968156814575195e-01,-1.218258142471313477e+00
-8.055393695831298828e-01,1.319305777549743652e+00,-9.725924134254455566e-01,-9.691765904426574707e-01,-9.342672824859619141e-01,-1.371997833251953125e+00,-9.082023501396179199e-01,9.959877729415893555e-01,-7.838822603225708008e-01,-1.214882731437683105e+00
-8.005732297897338867e-01,1.314762711524963379e+00,-9.685956835746765137e-01,-9.651896953582763672e-01,-9.301768541336059570e-01,-1.368719696998596191e+00,-9.039757251739501953e-01,9.905787110328674316e-01,-7.787194252014160156e-01,-1.211553931236267090e+00
-7.955647110939025879e-01,1.310199141502380371e+00,-9.645846486091613770e-01,-9.611873626708984375e-01,-9.260767102241516113e-01,-1.365541338920593262e+00,-8.997348546981811523e-01,9.850130081176757812e-01,-7.735052704811096191e-01,-1.208257913589477539e+00
-7.905104756355285645e-01,1.305619001388549805e+00,-9.605568051338195801e-01,-9.571691155433654785e-01,-9.219681024551391602e-01,-1.362448453903198242e+00,-8.954818844795227051e-01,9.792981147766113281e-01,-7.682387828826904297e-01,-1.204995870590209961e+00
-7.854096293449401855e-01,1.301022291183471680e+00,-9.565144181251525879e-01,-9.531348943710327148e-01,-9.178520441055297852e-01,-1.359420895576477051e+00,-8.912176489830017090e-01,9.734393358230590820e-01,-7.629179358482360840e-01,-1.201760292053222656e+00
-7.802594304084777832e-01,1.296408772468566895e+00,-9.524549841880798340e-01,-9.490835070610046387e-01,-9.137310385704040527e-01,-1.356450200080871582e+00,-8.869429826736450195e-01,9.674404263496398926e-01,-7.575392127037048340e-01,-1.198553681373596191e+00
-7.750610709190368652e-01,1.291778922080993652e+00,-9.483782649040222168e-01,-9.450153708457946777e-01,-9.096105694770812988e-01,-1.353527545928955078e+00,-8.826642632484436035e-01,9.613056778907775879e-01,-7.521026730537414551e-01,-1.195372581481933594e+00
-7.698085308074951172e-01,1.287138223648071289e+00,-9.442849755287170410e-01,-9.409286975860595703e-01,-9.054958224296569824e-01,-1.350646138191223145e+00,-8.783881664276123047e-01,9.550349712371826172e-01,-7.466039061546325684e-01,-1.192220330238342285e+00
-7.645027637481689453e-01,1.282484173774719238e+00,-9.401734471321105957e-01,-9.368239641189575195e-01,-9.013963341712951660e-01,-1.347804307937622070e+00,-8.741238117218017578e-01,9.486216902732849121e-01,-7.410405874252319336e-01,-1.189096093177795410e+00
-7.591407895088195801e-01,1.277823805809020996e+00,-9.360444545745849609e-01,-9.326994419097900391e-01,-8.973311185836791992e-01,-1.344995379447937012e+00,-8.698878884315490723e-01,9.420551061630249023e-01,-7.354103326797485352e-01,-1.185998678207397461e+00
-7.537214756011962891e-01,1.273161888122558594e+00,-9.318954348564147949e-01,-9.285546541213989258e-01,-8.933238387107849121e-01,-1.342216253280639648e+00,-8.657062649726867676e-01,9.353131055831909180e-01,-7.297109961509704590e-01,-1.182930707931518555e+00
-7.482388615608215332e-01,1.268500924110412598e+00,-9.277292490005493164e-01,-9.243918657302856445e-01,-8.894121050834655762e-01,-1.339466214179992676e+00,-8.616214990615844727e-01,9.283491373062133789e-01,-7.239381074905395508e-01,-1.179879546165466309e+00
-7.426938414573669434e-01,1.263854384422302246e+00,-9.235428571701049805e-01,-9.202073812484741211e-01,-8.856679201126098633e-01,-1.336733937263488770e+00,-8.577029109001159668e-01,9.211027026176452637e-01,-7.180893421173095703e-01,-1.176836729049682617e+00
-7.370829582214355469e-01,1.259232759475708008e+00,-9.193372130393981934e-01,-9.160018563270568848e-01,-8.821890950202941895e-01,-1.334006428718566895e+00,-8.540491461753845215e-01,9.134726524353027344e-01,-7.121609449386596680e-01,-1.173783063888549805e+00
-7.314031720161437988e-01,1.254651069641113281e+00,-9.151110053062438965e-01,-9.117740988731384277e-01,-8.790752887725830078e-01,-1.331264495849609375e+00,-8.507676124572753906e-01,9.053570628166198730e-01,-7.061491608619689941e-01,-1.170698642730712891e+00
-7.256514430046081543e-01,1.250121951103210449e+00,-9.108640551567077637e-01,-9.075231552124023438e-01,-8.763079643249511719e-01,-1.328493595123291016e+00,-8.478426337242126465e-01,8.967708945274353027e-01,-7.000502347946166992e-01,-1.167562484741210938e+00
-7.198249101638793945e-01,1.245648384094238281e+00,-9.065955877304077148e-01,-9.032484889030456543e-01,-8.736792206764221191e-01,-1.325685262680053711e+00,-8.450686335563659668e-01,8.879128098487854004e-01,-6.938597559928894043e-01,-1.164357542991638184e+00
-7.139204740524291992e-01,1.241216182708740234e+00,-9.023060202598571777e-01,-8.989481925964355469e-01,-8.709653615951538086e-01,-1.322839260101318359e+00,-8.422189354896545410e-01,8.789962530136108398e-01,-6.875745058059692383e-01,-1.161072254180908203e+00
-7.079325914382934570e-01,1.236781239509582520e+00,-8.979937434196472168e-01,-8.946270942687988281e-01,-8.680550456047058105e-01,-1.319952845573425293e+00,-8.391833305358886719e-01,8.701142072677612305e-01,-6.811866760253906250e-01,-1.157696604728698730e+00
-7.018595337867736816e-01,1.232295870780944824e+00,-8.936585187911987305e-01,-8.902807235717773438e-01,-8.649247884750366211e-01,-1.317031979560852051e+00,-8.359294533729553223e-01,8.612842559814453125e-01,-6.746937036514282227e-01,-1.154222726821899414e+00
-6.956962347030639648e-01,1.227712273597717285e+00,-8.892993330955505371e-01,-8.859100937843322754e-01,-8.615781068801879883e-01,-1.314076900482177734e+00,-8.324587345123291016e-01,8.524917364120483398e-01,-6.680888533592224121e-01,-1.150641441345214844e+00
-6.894381642341613770e-01,1.223001956939697266e+00,-8.849161863327026367e-01,-8.815151453018188477e-01,-8.580272197723388672e-01,-1.311088323593139648e+00,-8.287784457206726074e-01,8.437176346778869629e-01,-6.613662838935852051e-01,-1.146945953369140625e+00
-6.830801367759704590e-01,1.218155860900878906e+00,-8.805080652236938477e-01,-8.770956993103027344e-01,-8.542823791503906250e-01,-1.308067440986633301e+00,-8.248966932296752930e-01,8.349436521530151367e-01,-6.545191407203674316e-01,-1.143128991127014160e+00
-6.766173243522644043e-01,1.213177323341369629e+00,-8.760735392570495605e-01,-8.726506829261779785e-01,-8.503494262695312500e-01,-1.305019617080688477e+00,-8.208178877830505371e-01,8.261547684669494629e-01,-6.475407481193542480e-01,-1.139185428619384766e+00
-6.700447797775268555e-01,1.208073139190673828e+00,-8.716117143630981445e-01,-8.681805133819580078e-01,-8.462328910827636719e-01,-1.301945924758911133e+00,-8.165408968925476074e-01,8.173418641090393066e-01,-6.404227614402770996e-01,-1.135121822357177734e+00
-6.633554697036743164e-01,1.202853918075561523e+00,-8.671234250068664551e-01,-8.636837601661682129e-01,-8.419278860092163086e-01,-1.298846125602722168e+00,-8.120612502098083496e-01,8.085014224052429199e-01,-6.331567764282226562e-01,-1.130956053733825684e+00
-6.565425395965576172e-01,1.197530269622802734e+00,-8.626054525375366211e-01,-8.591613769531250000e-01,-8.374245166778564453e-01,-1.295724511146545410e+00,-8.073654770851135254e-01,7.996347546577453613e-01,-6.257346272468566895e-01,-1.126710534095764160e+00
-6.495996117591857910e-01,1.192108988761901855e+00,-8.580588102340698242e-01,-8.546110987663269043e-01,-8.327053785324096680e-01,-1.292583465576171875e+00,-8.024359345436096191e-01,7.907495498657226562e-01,-6.181457638740539551e-01,-1.122409939765930176e+00
-6.425198912620544434e-01,1.186596393585205078e+00,-8.534818291664123535e-01,-8.500344753265380859e-01,-8.277490139007568359e-01,-1.289421439170837402e+00,-7.972462177276611328e-01,7.818606495857238770e-01,-6.103801131248474121e-01,-1.118067860603332520e+00
-6.352943778038024902e-01,1.180993318557739258e+00,-8.488738536834716797e-01,-8.454304933547973633e-01,-8.225349783897399902e-01,-1.286237120628356934e+00,-7.917742133140563965e-01,7.729798555374145508e-01,-6.024258136749267578e-01,-1.113689184188842773e+00
-6.279139518737792969e-01,1.175304293632507324e+00,-8.442342877388000488e-01,-8.407984375953674316e-01,-8.170592188835144043e-01,-1.283029317855834961e+00,-7.860113978385925293e-01,7.641041874885559082e-01,-5.942708849906921387e-01,-1.109269022941589355e+00
-6.203704476356506348e-01,1.169532299041748047e+00,-8.395611643791198730e-01,-8.361377716064453125e-01,-8.113486170768737793e-01,-1.279790639877319336e+00,-7.799848318099975586e-01,7.551949024200439453e-01,-5.859004855155944824e-01,-1.104807019233703613e+00
-6.126506924629211426e-01,1.163672447204589844e+00,-8.348546624183654785e-01,-8.314465880393981934e-01,-8.054646253585815430e-01,-1.276513457298278809e+00,-7.737467885017395020e-01,7.461844682693481445e-01,-5.773016810417175293e-01,-1.100318551063537598e+00
-6.047493219375610352e-01,1.157728314399719238e+00,-8.301113843917846680e-01,-8.267244696617126465e-01,-7.994774580001831055e-01,-1.273191452026367188e+00,-7.673735618591308594e-01,7.369871735572814941e-01,-5.684545040130615234e-01,-1.095824480056762695e+00
-5.966484546661376953e-01,1.151697635650634766e+00,-8.253328800201416016e-01,-8.219703435897827148e-01,-7.934443354606628418e-01,-1.269811630249023438e+00,-7.609162926673889160e-01,7.275279164314270020e-01,-5.593438744544982910e-01,-1.091356754302978516e+00
-5.883362889289855957e-01,1.145578026771545410e+00,-8.205167055130004883e-01,-8.171820640563964844e-01,-7.873987555503845215e-01,-1.266358852386474609e+00,-7.544096708297729492e-01,7.177524566650390625e-01,-5.499485135078430176e-01,-1.086933970451354980e+00
-5.797983407974243164e-01,1.139366984367370605e+00,-8.156617283821105957e-01,-8.123581409454345703e-01,-7.813559174537658691e-01,-1.262814521789550781e+00,-7.478685975074768066e-01,7.076222896575927734e-01,-5.402466654777526855e-01,-1.082559943199157715e+00
-5.710185170173645020e-01,1.133060932159423828e+00,-8.107666373252868652e-01,-8.074973225593566895e-01,-7.753189802169799805e-01,-1.259154558181762695e+00,-7.412963509559631348e-01,6.971071958541870117e-01,-5.302137732505798340e-01,-1.078223586082458496e+00
-5.619791150093078613e-01,1.126655340194702148e+00,-8.058302998542785645e-01,-8.025978803634643555e-01,-7.692854404449462891e-01,-1.255351185798645020e+00,-7.346894741058349609e-01,6.861799955368041992e-01,-5.198230147361755371e-01,-1.073904514312744141e+00
-5.526602268218994141e-01,1.120145440101623535e+00,-8.008510470390319824e-01,-7.976589798927307129e-01,-7.632499337196350098e-01,-1.251375913619995117e+00,-7.280428409576416016e-01,6.748128533363342285e-01,-5.090438127517700195e-01,-1.069578886032104492e+00
-5.430414080619812012e-01,1.113523721694946289e+00,-7.958272099494934082e-01,-7.926793098449707031e-01,-7.572052478790283203e-01,-1.247210860252380371e+00,-7.213478088378906250e-01,6.629757881164550781e-01,-4.978429675102233887e-01,-1.065229415893554688e+00
-5.330979824066162109e-01,1.106784820556640625e+00,-7.907571792602539062e-01,-7.876565456390380859e-01,-7.511451244354248047e-01,-1.242865204811096191e+00,-7.145959138870239258e-01,6.506344676017761230e-01,-4.861830174922943115e-01,-1.060855031013488770e+00
-5.228036642074584961e-01,1.099921941757202148e+00,-7.856398820877075195e-01,-7.825908660888671875e-01,-7.450623512268066406e-01,-1.238376021385192871e+00,-7.077789902687072754e-01,6.377519369125366211e-01,-4.740223288536071777e-01,-1.056477785110473633e+00
-5.121294260025024414e-01,1.092925190925598145e+00,-7.804724574089050293e-01,-7.774799466133117676e-01,-7.389500141143798828e-01,-1.233803987503051758e+00,-7.008873224258422852e-01,6.242839694023132324e-01,-4.613134860992431641e-01,-1.052141666412353516e+00
-5.010423660278320312e-01,1.085788130760192871e+00,-7.752540707588195801e-01,-7.723226547241210938e-01,-7.328011989593505859e-01,-1.229224085807800293e+00,-6.939109563827514648e-01,6.101821660995483398e-01,-4.480035603046417236e-01,-1.047894597053527832e+00
-4.895064532756805420e-01,1.078501343727111816e+00,-7.699817419052124023e-01,-7.671177387237548828e-01,-7.266095280647277832e-01,-1.224719285964965820e+00,-6.868401765823364258e-01,5.953899621963500977e-01,-4.340333044528961182e-01,-1.043776512145996094e+00
-4.774810671806335449e-01,1.071054339408874512e+00,-7.646538615226745605e-01,-7.618629932403564453e-01,-7.203679084777832031e-01,-1.220358014106750488e+00,-6.796658635139465332e-01,5.798411369323730469e-01,-4.193350672721862793e-01,-1.039808034896850586e+00
-4.649198055267333984e-01,1.063439011573791504e+00,-7.592687010765075684e-01,-7.565582990646362305e-01,-7.140728235244750977e-01,-1.216176867485046387e+00,-6.723743677139282227e-01,5.634608268737792969e-01,-4.038331508636474609e-01,-1.036000132560729980e+00
-4.517721533775329590e-01,1.055640816688537598e+00,-7.538232207298278809e-01,-7.512006163597106934e-01,-7.077158689498901367e-01,-1.212166905403137207e+00,-6.649577617645263672e-01,5.461602807044982910e-01,-3.874401748180389404e-01,-1.032351255416870117e+00
-4.379799067974090576e-01,1.047645330429077148e+00,-7.483149170875549316e-01,-7.457885146141052246e-01,-7.012906670570373535e-01,-1.208302736282348633e+00,-6.574031710624694824e-01,5.278384685516357422e-01,-3.700582981109619141e-01,-1.028853416442871094e+00
-4.234789311885833740e-01,1.039439678192138672e+00,-7.427406311035156250e-01,-7.403227686882019043e-01,-6.947939395904541016e-01,-1.204556703567504883e+00,-6.496994495391845703e-01,5.083784461021423340e-01,-3.515761196613311768e-01,-1.025498270988464355e+00
-4.081937670707702637e-01,1.031001448631286621e+00,-7.370982766151428223e-01,-7.347993254661560059e-01,-6.882184147834777832e-01,-1.200895667076110840e+00,-6.418331861495971680e-01,4.876400828361511230e-01,-3.318637609481811523e-01,-1.022271394729614258e+00
-3.920415639877319336e-01,1.022309184074401855e+00,-7.313845157623291016e-01,-7.292185425758361816e-01,-6.815599799156188965e-01,-1.197294473648071289e+00,-6.337923407554626465e-01,4.654610157012939453e-01,-3.107756674289703369e-01,-1.019152879714965820e+00
-3.749265074729919434e-01,1.013339996337890625e+00,-7.255961894989013672e-01,-7.235774397850036621e-01,-6.748127937316894531e-01,-1.193727254867553711e+00,-6.255612969398498535e-01,4.416522979736328125e-01,-2.881440520286560059e-01,-1.016113162040710449e+00
-3.567405343055725098e-01,1.004064202308654785e+00,-7.197296619415283203e-01,-7.178763151168823242e-01,-6.679717302322387695e-01,-1.190165758132934570e+00,-6.171258091926574707e-01,4.159907996654510498e-01,-2.637776136398315430e-01,-1.013116002082824707e+00
-3.373594880104064941e-01,9.944509267807006836e-01,-7.137812972068786621e-01,-7.121134400367736816e-01,-6.610312461853027344e-01,-1.186582326889038086e+00,-6.084680557250976562e-01,3.882156014442443848e-01,-2.374572604894638062e-01,-1.010117530822753906e+00
-3.166418671607971191e-01,9.844644069671630859e-01,-7.077470421791076660e-01,-7.062876224517822266e-01,-6.539856791496276855e-01,-1.182947993278503418e+00,-5.995691418647766113e-01,3.580191731452941895e-01,-2.089335322380065918e-01,-1.007070899009704590e+00
-2.944256961345672607e-01,9.740633964538574219e-01,-7.016226649284362793e-01,-7.003982663154602051e-01,-6.468297839164733887e-01,-1.179231524467468262e+00,-5.904080867767333984e-01,3.250388205051422119e-01,-1.779232919216156006e-01,-1.003927946090698242e+00
-2.705262005329132080e-01,9.632008075714111328e-01,-6.954036355018615723e-01,-6.944447159767150879e-01,-6.395577788352966309e-01,-1.175396680831909180e+00,-5.809615254402160645e-01,2.888480424880981445e-01,-1.441080719232559204e-01,-1.000642657279968262e+00
-2.447305619716644287e-01,9.518220424652099609e-01,-6.890847682952880859e-01,-6.884260177612304688e-01,-6.321636438369750977e-01,-1.171399116516113281e+00,-5.712032318115234375e-01,2.489431798458099365e-01,-1.071310564875602722e-01,-9.971680045127868652e-01
-2.167975157499313354e-01,9.398647546768188477e-01,-6.826606988906860352e-01,-6.823417544364929199e-01,-6.246415972709655762e-01,-1.167186141014099121e+00,-5.611045956611633301e-01,2.047377675771713257e-01,-6.660313904285430908e-02,-9.934570193290710449e-01
-1.864527165889739990e-01,9.272569417953491211e-01,-6.761262416839599609e-01,-6.761910915374755859e-01,-6.169846653938293457e-01,-1.162691116333007812e+00,-5.506331920623779297e-01,1.555528193712234497e-01,-2.210781164467334747e-02,-9.894590377807617188e-01
-1.533854305744171143e-01,9.139161705970764160e-01,-6.694744229316711426e-01,-6.699742674827575684e-01,-6.091865897178649902e-01,-1.157840251922607422e+00,-5.397533774375915527e-01,1.006178632378578186e-01,2.678241208195686340e-02,-9.851290583610534668e-01
-1.172494068741798401e-01,8.997482657432556152e-01,-6.626990437507629395e-01,-6.636862754821777344e-01,-6.012372970581054688e-01,-1.152562141418457031e+00,-5.284230709075927734e-01,3.908507898449897766e-02,8.047862350940704346e-02,-9.804357290267944336e-01
-7.766158133745193481e-02,8.846422433853149414e-01,-6.557911634445190430e-01,-6.573276519775390625e-01,-5.931283235549926758e-01,-1.146810770034790039e+00,-5.165980458259582520e-01,-2.992972545325756073e-02,1.393306106328964233e-01,-9.753875732421875000e-01
-3.421080857515335083e-02,8.684782385826110840e-01,-6.487448215484619141e-01,-6.508910655975341797e-01,-5.848454833030700684e-01,-1.140581130981445312e+00,-5.042256712913513184e-01,-1.072625815868377686e-01,2.035604566335678101e-01,-9.700338840484619141e-01
1.353023760020732880e-02,8.511161208152770996e-01,-6.415504217147827148e-01,-6.443710923194885254e-01,-5.763738751411437988e-01,-1.133887410163879395e+00,-4.912486672401428223e-01,-1.935482621192932129e-01,2.731694281101226807e-01,-9.644228816032409668e-01
6.598365306854248047e-02,8.323960900306701660e-01,-6.341980695724487305e-01,-6.377560496330261230e-01,-5.676935911178588867e-01,-1.126749753952026367e+00,-4.776024520397186279e-01,-2.889867722988128662e-01,3.478311598300933838e-01,-9.585652947425842285e-01
1.235212087631225586e-01,8.121382594108581543e-01,-6.266780495643615723e-01,-6.310351490974426270e-01,-5.587813854217529297e-01,-1.119181632995605469e+00,-4.632153511047363281e-01,-3.930005729198455811e-01,4.267665743827819824e-01,-9.524288177490234375e-01
1.864073276519775391e-01,7.901346087455749512e-01,-6.189782619476318359e-01,-6.241904497146606445e-01,-5.496080517768859863e-01,-1.111231923103332520e+00,-4.480055868625640869e-01,-5.038776397705078125e-01,5.086550116539001465e-01,-9.459604620933532715e-01
2.547128498554229736e-01,7.661433815956115723e-01,-6.110861897468566895e-01,-6.172035932540893555e-01,-5.401404500007629395e-01,-1.103002548217773438e+00,-4.318829178810119629e-01,-6.185041666030883789e-01,5.916189551353454590e-01,-9.391369223594665527e-01
3.282068073749542236e-01,7.398779988288879395e-01,-6.029879450798034668e-01,-6.100541353225708008e-01,-5.303415656089782715e-01,-1.094675779342651367e+00,-4.147467613220214844e-01,-7.324360013008117676e-01,6.733296513557434082e-01,-9.320067167282104492e-01
4.062366187572479248e-01,7.109934091567993164e-01,-5.946685075759887695e-01,-6.027202010154724121e-01,-5.201705098152160645e-01,-1.086461067199707031e+00,-3.964849710464477539e-01,-8.404852747917175293e-01,7.512585520744323730e-01,-9.246673583984375000e-01
4.876256883144378662e-01,6.790666580200195312e-01,-5.861092209815979004e-01,-5.951800346374511719e-01,-5.095843076705932617e-01,-1.078488945960998535e+00,-3.769720494747161865e-01,-9.377654194831848145e-01,8.230311274528503418e-01,-9.171926975250244141e-01
5.706303119659423828e-01,6.435749530792236328e-01,-5.772941112518310547e-01,-5.874093174934387207e-01,-4.985362589359283447e-01,-1.070776700973510742e+00,-3.560650050640106201e-01,-1.020785689353942871e+00,8.867846131324768066e-01,-9.096078872680664062e-01
6.530186533927917480e-01,6.038584113121032715e-01,-5.681970119476318359e-01,-5.793868899345397949e-01,-4.869754910469055176e-01,-1.063248872756958008e+00,-3.335945308208465576e-01,-1.088087320327758789e+00,9.414153099060058594e-01,-9.018992781639099121e-01
7.322721481323242188e-01,5.590804815292358398e-01,-5.587993264198303223e-01,-5.710878968238830566e-01,-4.748454093933105469e-01,-1.055774450302124023e+00,-3.093630373477935791e-01,-1.140146017074584961e+00,9.866418242454528809e-01,-8.940233588218688965e-01
8.059368133544921875e-01,5.081709623336791992e-01,-5.490698814392089844e-01,-5.624866485595703125e-01,-4.620852470397949219e-01,-1.048220872879028320e+00,-2.831367850303649902e-01,-1.178776741027832031e+00,1.022877454757690430e+00,-8.859417438507080078e-01
8.719853758811950684e-01,4.497436285018920898e-01,-5.389791131019592285e-01,-5.535546541213989258e-01,-4.486241042613983154e-01,-1.040459632873535156e+00,-2.546387910842895508e-01,-1.206394195556640625e+00,1.051021933555603027e+00,-8.776085376739501953e-01
9.291085004806518555e-01,3.819955289363861084e-01,-5.284906029701232910e-01,-5.442603826522827148e-01,-4.343818128108978271e-01,-1.032420516014099121e+00,-2.235438972711563110e-01,-1.225441932678222656e+00,1.072222828865051270e+00,-8.689856529235839844e-01
9.768177866935729980e-01,3.025857508182525635e-01,-5.175636410713195801e-01,-5.345673561096191406e-01,-4.192664027214050293e-01,-1.024106502532958984e+00,-1.894749850034713745e-01,-1.238056302070617676e+00,1.087680935859680176e+00,-8.600420355796813965e-01
1.015375733375549316e+00,2.085074037313461304e-01,-5.061498880386352539e-01,-5.244336724281311035e-01,-4.031709730625152588e-01,-1.015517830848693848e+00,-1.519969254732131958e-01,-1.245956897735595703e+00,1.098522186279296875e+00,-8.507475852966308594e-01
1.045589208602905273e+00,9.601727873086929321e-02,-4.941939711570739746e-01,-5.138091444969177246e-01,-3.859698474407196045e-01,-1.006585597991943359e+00,-1.106149852275848389e-01,-1.250441193580627441e+00,1.105733990669250488e+00,-8.410584926605224609e-01
1.068572402000427246e+00,-3.923736140131950378e-02,-4.816288948059082031e-01,-5.026327967643737793e-01,-3.675166368484497070e-01,-9.971544742584228516e-01,-6.477392464876174927e-02,-1.252448081970214844e+00,1.110145568847656250e+00,-8.309062719345092773e-01
1.085538506507873535e+00,-2.015231549739837646e-01,-4.683770239353179932e-01,-4.908356368541717529e-01,-3.476382195949554443e-01,-9.870768785476684570e-01,-1.387106906622648239e-02,-1.252620339393615723e+00,1.112419724464416504e+00,-8.201795816421508789e-01
1.097650289535522461e+00,-3.932018578052520752e-01,-4.543493390083312988e-01,-4.783341884613037109e-01,-3.261309564113616943e-01,-9.763029813766479492e-01,4.272162169218063354e-02,-1.251374840736389160e+00,1.113086104393005371e+00,-8.087185025215148926e-01
1.105937480926513672e+00,-6.112415790557861328e-01,-4.394461214542388916e-01,-4.650326967239379883e-01,-3.027596473693847656e-01,-9.648319482803344727e-01,1.056081056594848633e-01,-1.248979449272155762e+00,1.112553596496582031e+00,-7.963152527809143066e-01
1.111258149147033691e+00,-8.430195450782775879e-01,-4.235630631446838379e-01,-4.508269727230072021e-01,-2.772563397884368896e-01,-9.526084065437316895e-01,1.752819865942001343e-01,-1.245690107345581055e+00,1.111130833625793457e+00,-7.827769517898559570e-01
1.114294767379760742e+00,-1.065778851509094238e+00,-4.066022038459777832e-01,-4.356089532375335693e-01,-2.493199557065963745e-01,-9.395876526832580566e-01,2.519973516464233398e-01,-1.241857051849365234e+00,1.109032273292541504e+00,-7.680448889732360840e-01
1.115563511848449707e+00,-1.254739165306091309e+00,-3.884738981723785400e-01,-4.192619323730468750e-01,-2.186108529567718506e-01,-9.257391691207885742e-01,3.355993926525115967e-01,-1.237804055213928223e+00,1.106402754783630371e+00,-7.521934509277343750e-01
1.115452289581298828e+00,-1.395723223686218262e+00,-3.690961599349975586e-01,-4.016399681568145752e-01,-1.847261488437652588e-01,-9.108808636665344238e-01,4.253383576869964600e-01,-1.233682513236999512e+00,1.103330016136169434e+00,-7.352353930473327637e-01
1.114247560501098633e+00,-1.489951491355895996e+00,-3.483768403530120850e-01,-3.825291991233825684e-01,-1.471586376428604126e-01,-8.947606682777404785e-01,5.197202563285827637e-01,-1.229494214057922363e+00,1.099875569343566895e+00,-7.169899344444274902e-01
1.112181305885314941e+00,-1.548080325126647949e+00,-3.261973559856414795e-01,-3.616420924663543701e-01,-1.052904054522514343e-01,-8.774809837341308594e-01,6.164092421531677246e-01,-1.225165605545043945e+00,1.096091508865356445e+00,-6.971918344497680664e-01
1.109436273574829102e+00,-1.582184791564941406e+00,-3.024083375930786133e-01,-3.387336730957031250e-01,-5.851699784398078918e-02,-8.592886328697204590e-01,7.122139334678649902e-01,-1.220707893371582031e+00,1.092025756835937500e+00,-6.758293509483337402e-01
1.106149792671203613e+00,-1.601674079895019531e+00,-2.768231332302093506e-01,-3.137724995613098145e-01,-6.440687924623489380e-03,-8.402244448661804199e-01,8.033142685890197754e-01,-1.216324090957641602e+00,1.087723135948181152e+00,-6.531428098678588867e-01
1.102448463439941406e+00,-1.612726330757141113e+00,-2.492206394672393799e-01,-2.867888808250427246e-01,5.123928189277648926e-02,-8.202123045921325684e-01,8.860617876052856445e-01,-1.212219476699829102e+00,1.083225011825561523e+00,-6.292968392372131348e-01
1.098418951034545898e+00,-1.619024395942687988e+00,-2.193414270877838135e-01,-2.576699554920196533e-01,1.148813515901565552e-01,-7.992432713508605957e-01,9.578390121459960938e-01,-1.208427429199218750e+00,1.078563928604125977e+00,-6.042829155921936035e-01
1.094130158424377441e+00,-1.622682571411132812e+00,-1.868885606527328491e-01,-2.261722981929779053e-01,1.848102062940597534e-01,-7.775006890296936035e-01,1.017408609390258789e+00,-1.204886317253112793e+00,1.073770046234130859e+00,-5.779552459716796875e-01
1.089638590812683105e+00,-1.624861598014831543e+00,-1.515239775180816650e-01,-1.919708102941513062e-01,2.611429691314697266e-01,-7.550855875015258789e-01,1.064858078956604004e+00,-1.201512336730957031e+00,1.068862438201904297e+00,-5.500637888908386230e-01
1.084985375404357910e+00,-1.626209139823913574e+00,-1.128708273172378540e-01,-1.546875238418579102e-01,3.436074554920196533e-01,-7.318791151046752930e-01,1.101243615150451660e+00,-1.198229789733886719e+00,1.063861370086669922e+00,-5.202810168266296387e-01
1.080198764801025391e+00,-1.627081036567687988e+00,-7.051505893468856812e-02,-1.138959750533103943e-01,4.313569664955139160e-01,-7.076142430305480957e-01,1.128160119056701660e+00,-1.194990038871765137e+00,1.058777451515197754e+00,-4.882003366947174072e-01
1.075304865837097168e+00,-1.627672910690307617e+00,-2.401514537632465363e-02,-6.912676990032196045e-02,5.228152871131896973e-01,-6.819211244583129883e-01,1.147360563278198242e+00,-1.191743493080139160e+00,1.053623080253601074e+00,-4.533163011074066162e-01
1.070320844650268555e+00,-1.628092050552368164e+00,2.707852795720100403e-02,-1.988044008612632751e-02,6.156278252601623535e-01,-6.542946100234985352e-01,1.160494923591613770e+00,-1.188463449478149414e+00,1.048405647277832031e+00,-4.149991869926452637e-01
1.065259456634521484e+00,-1.628383636474609375e+00,8.319945633411407471e-02,3.436006978154182434e-02,7.068161368370056152e-01,-6.240143179893493652e-01,1.168993949890136719e+00,-1.185127019882202148e+00,1.043129563331604004e+00,-3.724399805068969727e-01
1.060130357742309570e+00,-1.628572583198547363e+00,1.447021067142486572e-01,9.407892078161239624e-02,7.931278944015502930e-01,-5.901274681091308594e-01,1.174009442329406738e+00,-1.181720256805419922e+00,1.037799954414367676e+00,-3.245858550071716309e-01
1.054942131042480469e+00,-1.628657579421997070e+00,2.117932736873626709e-01,1.596720665693283081e-01,8.715816140174865723e-01,-5.516870021820068359e-01,1.176451921463012695e+00,-1.178229689598083496e+00,1.032420396804809570e+00,-2.700389921665191650e-01
1.049697399139404297e+00,-1.628621459007263184e+00,2.844281196594238281e-01,2.313491851091384888e-01,9.399786591529846191e-01,-5.079066157341003418e-01,1.177021265029907227e+00,-1.174635410308837891e+00,1.026990056037902832e+00,-2.070868611335754395e-01
1.044402480125427246e+00,-1.628446340560913086e+00,3.621807098388671875e-01,3.090043365955352783e-01,9.972108602523803711e-01,-4.581765234470367432e-01,1.176253318786621094e+00,-1.170911550521850586e+00,1.021512746810913086e+00,-1.342269480228424072e-01
1.039058685302734375e+00,-1.628108263015747070e+00,4.441232085227966309e-01,3.920606672763824463e-01,1.043272018432617188e+00,-4.018839001655578613e-01,1.174581527709960938e+00,-1.167004704475402832e+00,1.015989303588867188e+00,-5.019796267151832581e-02
1.033669114112854004e+00,-1.627586245536804199e+00,5.287337303161621094e-01,4.793203771114349365e-01,1.079008102416992188e+00,-3.377076983451843262e-01,1.172379851341247559e+00,-1.162815332412719727e+00,1.010419368743896484e+00,4.664947092533111572e-02
1.028234601020812988e+00,-1.626863241195678711e+00,6.139023900032043457e-01,5.688829421997070312e-01,1.105778336524963379e+00,-2.635194659233093262e-01,1.170027613639831543e+00,-1.158166050910949707e+00,1.004802584648132324e+00,1.580895781517028809e-01
1.022753119468688965e+00,-1.625939130783081055e+00,6.970863938331604004e-01,6.581913232803344727e-01,1.125123739242553711e+00,-1.763408333063125610e-01,1.167769312858581543e+00,-1.152961373329162598e+00,9.991372823715209961e-01,2.852834165096282959e-01
1.017227649688720703e+00,-1.624816298484802246e+00,7.756145596504211426e-01,7.442823648452758789e-01,1.138538360595703125e+00,-7.278382778167724609e-02,1.165380716323852539e+00,-1.147537827491760254e+00,9.934244155883789062e-01,4.277428686618804932e-01
1.011654853820800781e+00,-1.623504161834716797e+00,8.470925688743591309e-01,8.242098093032836914e-01,1.147340774536132812e+00,5.009841546416282654e-02,1.162520289421081543e+00,-1.142326235771179199e+00,9.876627326011657715e-01,5.821701288223266602e-01
1.006040930747985840e+00,-1.622019767761230469e+00,9.097594618797302246e-01,8.955318331718444824e-01,1.152628898620605469e+00,1.950988173484802246e-01,1.159141898155212402e+00,-1.137432932853698730e+00,9.818506240844726562e-01,7.416786551475524902e-01
1.000378012657165527e+00,-1.620372414588928223e+00,9.627220630645751953e-01,9.566929936408996582e-01,1.155274152755737305e+00,3.637992441654205322e-01,1.155346989631652832e+00,-1.132817625999450684e+00,9.759879708290100098e-01,8.962148427963256836e-01
9.946686029434204102e-01,-1.618578910827636719e+00,1.005937695503234863e+00,1.007164478302001953e+00,1.155950546264648438e+00,5.541381835937500000e-01,1.151241540908813477e+00,-1.128413200378417969e+00,9.700714945793151855e-01,1.034949183464050293e+00
9.889122843742370605e-01,-1.616644144058227539e+00,1.040046691894531250e+00,1.047335267066955566e+00,1.155167341232299805e+00,7.576388120651245117e-01,1.146901845932006836e+00,-1.124161362648010254e+00,9.641017913818359375e-01,1.149798870086669922e+00
9.831040501594543457e-01,-1.614585041999816895e+00,1.066121220588684082e+00,1.078241467475891113e+00,1.153315305709838867e+00,9.584307074546813965e-01,1.142400145530700684e+00,-1.120040297508239746e+00,9.580761790275573730e-01,1.237804412841796875e+00
9.772462844848632812e-01,-1.612390637397766113e+00,1.085415959358215332e+00,1.101238131523132324e+00,1.150667667388916016e+00,1.137296557426452637e+00,1.137770295143127441e+00,-1.116002559661865234e+00,9.519931077957153320e-01,1.300881981849670410e+00
9.713368415832519531e-01,-1.610067009925842285e+00,1.099177956581115723e+00,1.117755293846130371e+00,1.147434115409851074e+00,1.279828786849975586e+00,1.133045315742492676e+00,-1.112031936645507812e+00,9.458504915237426758e-01,1.343709349632263184e+00
9.653738737106323242e-01,-1.607622742652893066e+00,1.108540415763854980e+00,1.129124641418457031e+00,1.143766999244689941e+00,1.382193922996520996e+00,1.128247737884521484e+00,-1.108111143112182617e+00,9.396468400955200195e-01,1.371542692184448242e+00
9.593558311462402344e-01,-1.605077028274536133e+00,1.114469766616821289e+00,1.136493802070617676e+00,1.139775991439819336e+00,1.449761748313903809e+00,1.123392939567565918e+00,-1.104227304458618164e+00,9.333798289299011230e-01,1.388886332511901855e+00
9.532808661460876465e-01,-1.602458953857421875e+00,1.117755770683288574e+00,1.140803456306457520e+00,1.135541319847106934e+00,1.491709113121032715e+00,1.118490695953369141e+00,-1.100368976593017578e+00,9.270469546318054199e-01,1.399108171463012695e+00
9.471468925476074219e-01,-1.599799752235412598e+00,1.119019865989685059e+00,1.142802119255065918e+00,1.131124615669250488e+00,1.516456484794616699e+00,1.113549590110778809e+00,-1.096528172492980957e+00,9.206469655036926270e-01,1.404593586921691895e+00
9.409530758857727051e-01,-1.597123622894287109e+00,1.118753552436828613e+00,1.143061876296997070e+00,1.126564502716064453e+00,1.530109882354736328e+00,1.108573555946350098e+00,-1.092695713043212891e+00,9.141759276390075684e-01,1.406976222991943359e+00
9.346963763236999512e-01,-1.594448089599609375e+00,1.117326617240905762e+00,1.142020940780639648e+00,1.121894598007202148e+00,1.536941647529602051e+00,1.103564739227294922e+00,-1.088867783546447754e+00,9.076324105262756348e-01,1.407330870628356934e+00
9.283755421638488770e-01,-1.591770768165588379e+00,1.115020990371704102e+00,1.140008687973022461e+00,1.117135882377624512e+00,1.539789676666259766e+00,1.098525285720825195e+00,-1.085040330886840820e+00,9.010133147239685059e-01,1.406347274780273438e+00
9.219864606857299805e-01,-1.589071631431579590e+00,1.112050414085388184e+00,1.137269973754882812e+00,1.112303972244262695e+00,1.540437698364257812e+00,1.093455910682678223e+00,-1.081211090087890625e+00,8.943153023719787598e-01,1.404471993446350098e+00
9.155295491218566895e-01,-1.586336255073547363e+00,1.108573675155639648e+00,1.133985877037048340e+00,1.107409834861755371e+00,1.539997339248657227e+00,1.088356256484985352e+00,-1.077376961708068848e+00,8.875359892845153809e-01,1.402014255523681641e+00
9.089981913566589355e-01,-1.583553433418273926e+00,1.104707241058349609e+00,1.130292177200317383e+00,1.102464675903320312e+00,1.539196968078613281e+00,1.083227276802062988e+00,-1.073544979095458984e+00,8.806717395782470703e-01,1.399190425872802734e+00
9.023923277854919434e-01,-1.580731987953186035e+00,1.100543498992919922e+00,1.126285195350646973e+00,1.097471117973327637e+00,1.538733243942260742e+00,1.078065633773803711e+00,-1.069707036018371582e+00,8.737176656723022461e-01,1.396172523498535156e+00
8.957103490829467773e-01,-1.577892184257507324e+00,1.096151828765869141e+00,1.122040629386901855e+00,1.092435359954833984e+00,1.539033293724060059e+00,1.072871088981628418e+00,-1.065865039825439453e+00,8.666723966598510742e-01,1.393088459968566895e+00
8.889464139938354492e-01,-1.575059056282043457e+00,1.091575264930725098e+00,1.117612004280090332e+00,1.087359905242919922e+00,1.538979530334472656e+00,1.067645668983459473e+00,-1.062017798423767090e+00,8.595302104949951172e-01,1.390031695365905762e+00
8.820977807044982910e-01,-1.572250366210937500e+00,1.086853742599487305e+00,1.113037586212158203e+00,1.082247257232666016e+00,1.538204550743103027e+00,1.062387585639953613e+00,-1.058160543441772461e+00,8.522875905036926270e-01,1.387022256851196289e+00
8.751631975173950195e-01,-1.569463372230529785e+00,1.082013487815856934e+00,1.108351349830627441e+00,1.077101588249206543e+00,1.536992430686950684e+00,1.057098746299743652e+00,-1.054293274879455566e+00,8.449400067329406738e-01,1.383980989456176758e+00
8.681351542472839355e-01,-1.566673040390014648e+00,1.077077388763427734e+00,1.103570818901062012e+00,1.071920871734619141e+00,1.535616755485534668e+00,1.051778435707092285e+00,-1.050411939620971680e+00,8.374812006950378418e-01,1.380796432495117188e+00
8.610123991966247559e-01,-1.563834071159362793e+00,1.072059154510498047e+00,1.098713755607604980e+00,1.066707849502563477e+00,1.534415841102600098e+00,1.046423554420471191e+00,-1.046515941619873047e+00,8.299075365066528320e-01,1.377416610717773438e+00
8.537899255752563477e-01,-1.560906291007995605e+00,1.066971302032470703e+00,1.093792080879211426e+00,1.061459302902221680e+00,1.533722639083862305e+00,1.041033983230590820e+00,-1.042606830596923828e+00,8.222129344940185547e-01,1.373852610588073730e+00
8.464624881744384766e-01,-1.557874917984008789e+00,1.061819434165954590e+00,1.088814020156860352e+00,1.056177854537963867e+00,1.533305883407592773e+00,1.035606265068054199e+00,-1.038681745529174805e+00,8.143913745880126953e-01,1.370142102241516113e+00
8.390263319015502930e-01,-1.554744720458984375e+00,1.056612610816955566e+00,1.083785176277160645e+00,1.050861001014709473e+00,1.532379031181335449e+00,1.030141472816467285e+00,-1.034745931625366211e+00,8.064346909523010254e-01,1.366328120231628418e+00
8.314753174781799316e-01,-1.551531791687011719e+00,1.051353812217712402e+00,1.078711152076721191e+00,1.045508146286010742e+00,1.530715823173522949e+00,1.024637103080749512e+00,-1.030794262886047363e+00,7.983379364013671875e-01,1.362445473670959473e+00
8.238044381141662598e-01,-1.548253536224365234e+00,1.046046257019042969e+00,1.073594808578491211e+00,1.040119409561157227e+00,1.528531670570373535e+00,1.019091844558715820e+00,-1.026828169822692871e+00,7.900930643081665039e-01,1.358520150184631348e+00
8.160042762756347656e-01,-1.544927835464477539e+00,1.040689468383789062e+00,1.068438053131103516e+00,1.034692764282226562e+00,1.526062965393066406e+00,1.013504862785339355e+00,-1.022848248481750488e+00,7.816919088363647461e-01,1.354568243026733398e+00
8.080769181251525879e-01,-1.541567087173461914e+00,1.035294294357299805e+00,1.063241720199584961e+00,1.029227852821350098e+00,1.523494720458984375e+00,1.007874011993408203e+00,-1.018856763839721680e+00,7.731241583824157715e-01,1.350613117218017578e+00
8.000077009201049805e-01,-1.538176178932189941e+00,1.029851794242858887e+00,1.058008313179016113e+00,1.023722887039184570e+00,1.520929574966430664e+00,1.002197027206420898e+00,-1.014853835105895996e+00,7.643821835517883301e-01,1.346655368804931641e+00
7.917917966842651367e-01,-1.534764409065246582e+00,1.024364829063415527e+00,1.052736639976501465e+00,1.018177509307861328e+00,1.518438577651977539e+00,9.964727163314819336e-01,-1.010839581489562988e+00,7.554551959037780762e-01,1.342711329460144043e+00
7.834206223487854004e-01,-1.531330585479736328e+00,1.018836259841918945e+00,1.047427773475646973e+00,1.012591719627380371e+00,1.516052365303039551e+00,9.907013177871704102e-01,-1.006812334060668945e+00,7.463324666023254395e-01,1.338792204856872559e+00
7.748863101005554199e-01,-1.527879476547241211e+00,1.013261318206787109e+00,1.042083859443664551e+00,1.006961345672607422e+00,1.513824224472045898e+00,9.848794937133789062e-01,-1.002770423889160156e+00,7.370004653930664062e-01,1.334910750389099121e+00
7.661793231964111328e-01,-1.524409174919128418e+00,1.007642030715942383e+00,1.036702275276184082e+00,1.001286268234252930e+00,1.511905550956726074e+00,9.790080785751342773e-01,-9.987121224403381348e-01,7.274472117424011230e-01,1.331074237823486328e+00
7.572894096374511719e-01,-1.520922422409057617e+00,1.001979351043701172e+00,1.031282663345336914e+00,9.955682754516601562e-01,1.510477304458618164e+00,9.730837941169738770e-01,-9.946365356445312500e-01,7.176579236984252930e-01,1.327291131019592285e+00
7.482054829597473145e-01,-1.517416715621948242e+00,9.962692856788635254e-01,1.025824904441833496e+00,9.898023009300231934e-01,1.509249567985534668e+00,9.671052694320678711e-01,-9.905422329902648926e-01,7.076161503791809082e-01,1.323567390441894531e+00
7.389156222343444824e-01,-1.513892292976379395e+00,9.905122518539428711e-01,1.020328283309936523e+00,9.839881658554077148e-01,1.507787466049194336e+00,9.610707163810729980e-01,-9.864285588264465332e-01,6.973049640655517578e-01,1.319908022880554199e+00
7.294072508811950684e-01,-1.510348439216613770e+00,9.847082495689392090e-01,1.014790534973144531e+00,9.781252741813659668e-01,1.506047487258911133e+00,9.549783468246459961e-01,-9.822946786880493164e-01,6.867054700851440430e-01,1.316315770149230957e+00
7.196647524833679199e-01,-1.506784439086914062e+00,9.788516163825988770e-01,1.009215593338012695e+00,9.722096920013427734e-01,1.504069447517395020e+00,9.488266706466674805e-01,-9.781399369239807129e-01,6.757953763008117676e-01,1.312785625457763672e+00
7.096738219261169434e-01,-1.503200531005859375e+00,9.729453921318054199e-01,1.003597378730773926e+00,9.662421941757202148e-01,1.501923680305480957e+00,9.426134228706359863e-01,-9.739639759063720703e-01,6.645525693893432617e-01,1.309311151504516602e+00
6.994184255599975586e-01,-1.499595642089843750e+00,9.669860005378723145e-01,9.979369044303894043e-01,9.602208137512207031e-01,1.499784708023071289e+00,9.363361597061157227e-01,-9.697675704956054688e-01,6.529500484466552734e-01,1.305877923965454102e+00
6.888757944107055664e-01,-1.495969772338867188e+00,9.609735012054443359e-01,9.922332763671875000e-01,9.541435837745666504e-01,1.497877001762390137e+00,9.299914836883544922e-01,-9.655489325523376465e-01,6.409611701965332031e-01,1.302459239959716797e+00
6.780291199684143066e-01,-1.492325305938720703e+00,9.549037814140319824e-01,9.864850044250488281e-01,9.480080008506774902e-01,1.496138811111450195e+00,9.235768914222717285e-01,-9.613096117973327637e-01,6.285521984100341797e-01,1.299033284187316895e+00
6.668539047241210938e-01,-1.488656878471374512e+00,9.487774372100830078e-01,9.806907176971435547e-01,9.418116211891174316e-01,1.494174361228942871e+00,9.170911908149719238e-01,-9.570499658584594727e-01,6.156875491142272949e-01,1.295576691627502441e+00
6.553250551223754883e-01,-1.484962224960327148e+00,9.425905346870422363e-01,9.748496413230895996e-01,9.355539083480834961e-01,1.491884827613830566e+00,9.105303883552551270e-01,-9.527665972709655762e-01,6.023281216621398926e-01,1.292068362236022949e+00
6.434139609336853027e-01,-1.481236577033996582e+00,9.363416433334350586e-01,9.689601063728332520e-01,9.292325377464294434e-01,1.489440202713012695e+00,9.038928151130676270e-01,-9.484594464302062988e-01,5.884287953376770020e-01,1.288492798805236816e+00
6.310909986495971680e-01,-1.477474451065063477e+00,9.300288558006286621e-01,9.630207419395446777e-01,9.228459000587463379e-01,1.487117886543273926e+00,8.971759676933288574e-01,-9.441292881965637207e-01,5.739390254020690918e-01,1.284840941429138184e+00
6.183196902275085449e-01,-1.473677992820739746e+00,9.236500859260559082e-01,9.570298790931701660e-01,9.163905978202819824e-01,1.485280156135559082e+00,8.903747200965881348e-01,-9.397742748260498047e-01,5.588018894195556641e-01,1.281110405921936035e+00
6.050612330436706543e-01,-1.469845175743103027e+00,9.172017574310302734e-01,9.509860873222351074e-01,9.098660945892333984e-01,1.483789205551147461e+00,8.834872245788574219e-01,-9.353988766670227051e-01,5.429536104202270508e-01,1.277306318283081055e+00
5.912724733352661133e-01,-1.465966939926147461e+00,9.106812477111816406e-01,9.448888301849365234e-01,9.032664299011230469e-01,1.481920123100280762e+00,8.765093684196472168e-01,-9.309980273246765137e-01,5.263206958770751953e-01,1.273427486419677734e+00
5.769043564796447754e-01,-1.462046146392822266e+00,9.040871858596801758e-01,9.387353658676147461e-01,8.965915441513061523e-01,1.479519367218017578e+00,8.694361448287963867e-01,-9.265744686126708984e-01,5.088201165199279785e-01,1.269493937492370605e+00
5.619003772735595703e-01,-1.458074927330017090e+00,8.974158167839050293e-01,9.325245618820190430e-01,8.898375034332275391e-01,1.476747512817382812e+00,8.622637987136840820e-01,-9.221270084381103516e-01,4.903555512428283691e-01,1.265514492988586426e+00
5.461980700492858887e-01,-1.454052686691284180e+00,8.906635642051696777e-01,9.262535572052001953e-01,8.830014467239379883e-01,1.473749518394470215e+00,8.549876809120178223e-01,-9.176531434059143066e-01,4.708196818828582764e-01,1.261503458023071289e+00
5.297255516052246094e-01,-1.449971318244934082e+00,8.838282823562622070e-01,9.199233651161193848e-01,8.760828971862792969e-01,1.470614433288574219e+00,8.476048111915588379e-01,-9.131562709808349609e-01,4.500848948955535889e-01,1.257471323013305664e+00
5.124033689498901367e-01,-1.445829510688781738e+00,8.769052028656005859e-01,9.135301113128662109e-01,8.690760135650634766e-01,1.467404723167419434e+00,8.401094079017639160e-01,-9.086293578147888184e-01,4.280073642730712891e-01,1.253439068794250488e+00
4.941377639770507812e-01,-1.441622734069824219e+00,8.698905706405639648e-01,9.070719480514526367e-01,8.619794845581054688e-01,1.464154243469238281e+00,8.324956893920898438e-01,-9.040733575820922852e-01,4.044213891029357910e-01,1.249424457550048828e+00
4.748219549655914307e-01,-1.437343001365661621e+00,8.627821207046508789e-01,9.005497097969055176e-01,8.547893762588500977e-01,1.460886955261230469e+00,8.247589468955993652e-01,-8.994871377944946289e-01,3.791323006153106689e-01,1.245462894439697266e+00
4.543348550796508789e-01,-1.432982921600341797e+00,8.555737733840942383e-01,8.939596414566040039e-01,8.475023508071899414e-01,1.457612872123718262e+00,8.168930411338806152e-01,-8.948684334754943848e-01,3.519166707992553711e-01,1.241602778434753418e+00

